cc_num,merchant,category,amt,first,last,gender,street,city,state,zip,city_pop,job,trans_num,EVENT_TIMESTAMP,EVENT_LABEL,ENTITY_TYPE,ENTITY_ID,EVENT_ID
6011399591920186,fraud_Bahringer-Streich,food_dining,4.66,Maria,Roy,F,"58665 Nicholas Ford Suite 348",Sheffield,MA,1257,2121,"Radio producer","02978ede3e9c17bd84d149034bcffc05","2020-12-08 19:34:56.0",legit,customer,unknown,"02978ede3e9c17bd84d149034bcffc05"
372509258176510,"fraud_Kihn, Brakus and Goyette",personal_care,37.32,Kristen,Hanson,F,"26544 Andrea Glen",Goodrich,MI,48438,6951,"Learning disability nurse","1ef34d5f426945962641303edfed66f7","2020-12-21 21:05:06.0",legit,customer,unknown,"1ef34d5f426945962641303edfed66f7"
376028110684021,fraud_Douglas-White,entertainment,64.04,Aaron,Murray,M,"624 Hale Springs Apt. 572",Meadville,MO,64659,964,"Tourist information centre manager","f8f1aed539e9be1329627877176c19f8","2020-09-15 16:00:23.0",legit,customer,unknown,"f8f1aed539e9be1329627877176c19f8"
4302480582202074,fraud_Friesen-Stamm,gas_transport,60.4,David,Rodriguez,M,"821 Solis Points",Muskegon,MI,49440,128715,"Historic buildings inspector/conservation officer","537bed7cb320539f4e21781dee4fa1f6","2020-12-19 05:59:09.0",legit,customer,unknown,"537bed7cb320539f4e21781dee4fa1f6"
4640395708703,"fraud_Skiles LLC",home,22.66,Melissa,Krause,F,"67632 Martin Gateway",Fordoche,LA,70732,1178,"Community education officer","94e90747aabd10de73f70a75344395e3","2020-11-07 14:03:08.0",legit,customer,unknown,"94e90747aabd10de73f70a75344395e3"
213174467670432,"fraud_Zemlak, Tillman and Cremin",personal_care,59.9,James,Bishop,M,"7055 Fernandez Estates Apt. 676",Cecilton,MD,21913,663,Podiatrist,"2f25f5223c2abf0a694b59c613744fdd","2020-11-08 17:28:01.0",legit,customer,unknown,"2f25f5223c2abf0a694b59c613744fdd"
5359543825610251,"fraud_Labadie, Treutel and Bode",shopping_net,4.1,Michael,Francis,M,"1833 Jeanette Stravenue",Belgrade,MT,59714,18182,"Engineer, drilling","b2e3b9a4a37a2b27126aa66da9f46eec","2020-10-14 14:19:52.0",legit,customer,unknown,"b2e3b9a4a37a2b27126aa66da9f46eec"
3538520143479972,"fraud_Friesen-D'Amore",gas_transport,51.38,Cassandra,Nunez,F,"9572 Austin Forge Suite 612","Clay Center",OH,43408,269,"Insurance underwriter","7c249d36d2139157b24bdef06373e193","2020-10-14 03:01:10.0",legit,customer,unknown,"7c249d36d2139157b24bdef06373e193"
6534628260579800,"fraud_Bernier, Streich and Jewess",grocery_net,25.31,Christine,Harris,F,"29606 Martinez Views Suite 653",Hinesburg,VT,5461,4542,"Claims inspector/assessor","a08a204ac17726ed247562c656bc0d0f","2020-12-27 07:56:19.0",legit,customer,unknown,"a08a204ac17726ed247562c656bc0d0f"
4642255475285942,fraud_Pouros-Conroy,shopping_pos,2.86,Sabrina,Johnson,F,"320 Nicholson Orchard",Thompson,UT,84540,46,"Surveyor, minerals","840ccbbf04cdfa74c3755bb6b0be89e1","2020-12-18 21:54:49.0",legit,customer,unknown,"840ccbbf04cdfa74c3755bb6b0be89e1"
4476840372112,"fraud_Klocko LLC",misc_net,59.06,Steven,Walters,M,"3206 Hall Divide Suite 282",Woodville,AL,35776,3395,"Editor, commissioning","83bda778264288ff9fd46f31dab13d34","2020-12-01 17:25:57.0",legit,customer,unknown,"83bda778264288ff9fd46f31dab13d34"
3502377050801561,"fraud_Kilback, Nitzsche and Leffler",travel,16.54,Kathleen,Martin,F,"659 Nicole Cove Suite 560","New Waverly",TX,77358,4993,"Scientist, biomedical","476d49f2929eff7885a2ac39697adc39","2020-09-29 19:12:32.0",legit,customer,unknown,"476d49f2929eff7885a2ac39697adc39"
3567879740649740,fraud_Kling-Ernser,entertainment,10.81,Tanya,Williams,F,"566 Megan Well",Brownville,NY,13615,1271,"Producer, radio","75b78a0b62fb35653f53c29e662112b8","2020-12-20 15:16:49.0",legit,customer,unknown,"75b78a0b62fb35653f53c29e662112b8"
5501083170975659,fraud_Brown-Greenholt,entertainment,79.77,Wayne,Payne,M,"587 Bradley Inlet Suite 281","Cuyahoga Falls",OH,44223,47772,"Equities trader","b6c0d99408f90ef4bd3a8a05151f8026","2020-09-28 09:26:01.0",legit,customer,unknown,"b6c0d99408f90ef4bd3a8a05151f8026"
4377338765909719,fraud_Altenwerth-Kilback,home,12.75,Nicholas,Mcmahon,M,"2123 Jonathan Falls Suite 753",Heiskell,TN,37754,4729,"Geologist, wellsite","1cae4a509257a3dfdc9a1d02374fecba","2020-09-06 18:42:30.0",legit,customer,unknown,"1cae4a509257a3dfdc9a1d02374fecba"
3556613125071656,"fraud_Lebsack and Sons",misc_net,7.71,Jose,Vasquez,M,"572 Davis Mountains","Lake Jackson",TX,77566,28739,"Futures trader","0d7499519e46ef4fc89c68b5770d7769","2020-11-30 17:37:58.0",legit,customer,unknown,"0d7499519e46ef4fc89c68b5770d7769"
4904681492230012,"fraud_Pfeffer and Sons",shopping_pos,3.74,Lisa,Lowe,F,"574 David Locks Suite 207",Cottekill,NY,12419,722,Comptroller,"863b906745cedb65d5f31764c7af3735","2020-09-15 21:08:58.0",legit,customer,unknown,"863b906745cedb65d5f31764c7af3735"
4560004149983868183,"fraud_Rempel PLC",grocery_net,92.33,Stacy,Villegas,F,"20581 Pena Walks","Colorado Springs",CO,80951,525713,"Museum/gallery exhibitions officer","61942efe354fff5f04ad8ef89417bf1b","2020-10-14 09:03:58.0",legit,customer,unknown,"61942efe354fff5f04ad8ef89417bf1b"
580954173374,fraud_Abbott-Rogahn,entertainment,50.96,Jessica,Benitez,F,"31281 Thomas Inlet",Montrose,NY,10548,3487,"Race relations officer","eda89ab0f02e31e7c71382cb03e84cd2","2020-09-17 04:50:43.0",legit,customer,unknown,"eda89ab0f02e31e7c71382cb03e84cd2"
4797297220948468262,"fraud_Quitzon, Green and Bashirian",shopping_pos,3.98,Erica,Briggs,F,"3310 Davidson Spurs Apt. 107",Oolitic,IN,47451,1228,Counsellor,"1a38c615a27a4f8724a8d0f6ca339a81","2020-12-06 22:34:34.0",legit,customer,unknown,"1a38c615a27a4f8724a8d0f6ca339a81"
3543591270174051,fraud_Friesen-Ortiz,personal_care,41.4,Margaret,Lam,F,"6911 Nicholas Keys Apt. 237",Armagh,PA,15920,922,"Early years teacher","93ac6a87c04a9a051f5ee4f12d707ca6","2020-11-20 12:00:19.0",legit,customer,unknown,"93ac6a87c04a9a051f5ee4f12d707ca6"
6593250708747804,fraud_Stamm-Rodriguez,misc_pos,371.66,Melissa,Meza,F,"244 Abbott Parkway",Loxahatchee,FL,33470,26551,Paramedic,"2daafe45bd0c4240f76f80c8204be1fa","2020-12-01 03:31:06.0",legit,customer,unknown,"2daafe45bd0c4240f76f80c8204be1fa"
4972228199573984,"fraud_Fisher Inc",shopping_net,1.3,Brian,Hogan,M,"3316 Cindy Land",Lane,OK,74555,861,"Quantity surveyor","61d6c69cac54cff752afc8944fd9ba99","2020-09-27 08:04:37.0",legit,customer,unknown,"61d6c69cac54cff752afc8944fd9ba99"
2242542703101233,"fraud_Donnelly PLC",misc_net,94.37,Samuel,Jenkins,M,"43235 Mckenzie Views Apt. 837",Westport,KY,40077,564,"Pensions consultant","5d74b2e996ffd6edccb42d4929804184","2020-10-05 18:52:45.0",legit,customer,unknown,"5d74b2e996ffd6edccb42d4929804184"
213153151785052,fraud_Lynch-Wisozk,home,57.2,Rebecca,Conley,F,"181 Moreno Light Apt. 215",Tomahawk,WI,54487,9594,"Seismic interpreter","8191e7a459b56545d88200ffcce884b7","2020-12-05 18:40:43.0",legit,customer,unknown,"8191e7a459b56545d88200ffcce884b7"
4683520018489354,"fraud_Towne, Walker and Borer",grocery_net,39.48,Charles,Carrillo,M,"17547 Stephen Turnpike Apt. 846",Hawthorne,CA,90250,93193,"Editor, magazine features","080b7e5b6b45d9b0f0f584b35e902f97","2020-12-17 02:58:13.0",legit,customer,unknown,"080b7e5b6b45d9b0f0f584b35e902f97"
30103132002433,"fraud_Little, Gutmann and Lynch",shopping_net,9.49,Stephanie,Middleton,F,"99736 Rose Shoals Apt. 504",Morrisdale,PA,16858,3688,"Dispensing optician","0cbbbac707c62f9a7919e6a59324b7f4","2020-12-04 20:55:08.0",legit,customer,unknown,"0cbbbac707c62f9a7919e6a59324b7f4"
2254799658404120,"fraud_Morissette, Weber and Wiegand",grocery_net,48.44,Barbara,Nelson,F,"7337 Browning Falls Suite 027",Valdosta,GA,31605,94325,"Educational psychologist","6c1dfdc9368a23d08c93ac60ec00ddeb","2020-12-22 09:19:40.0",legit,customer,unknown,"6c1dfdc9368a23d08c93ac60ec00ddeb"
3552581383553463,"fraud_Stiedemann Inc",misc_pos,42.53,Jonathan,Castro,M,"200 Christie Mills Apt. 307",Andrews,NC,28901,5354,"Retail buyer","2d8c1909c7523e27d6a8cbfff0f0678a","2020-11-30 01:17:02.0",legit,customer,unknown,"2d8c1909c7523e27d6a8cbfff0f0678a"
30518206766474,"fraud_Wiza LLC",misc_pos,5.55,Tamara,Martinez,F,"471 Marquez Prairie Suite 680",Matthews,MO,63867,1019,"Aeronautical engineer","66c4eb5e68adf834b5b60d87790b27f2","2020-09-10 14:23:00.0",legit,customer,unknown,"66c4eb5e68adf834b5b60d87790b27f2"
3504178999463051,"fraud_Ritchie, Oberbrunner and Cremin",travel,4.51,Drew,Garcia,M,"70858 Jasmine Meadows Apt. 135",Lima,OH,45801,86954,"Copywriter, advertising","df71f4177f670a539e7d3ef05fd4ade5","2020-10-06 13:08:42.0",legit,customer,unknown,"df71f4177f670a539e7d3ef05fd4ade5"
180017442990269,"fraud_Gleason and Sons",kids_pets,73.0,Michelle,Anderson,F,"28311 Dennis Trace",Albany,NY,12222,151022,"Designer, textile","2df1ca0d3ba96ba34e9170e7be7e3458","2020-12-28 12:24:21.0",legit,customer,unknown,"2df1ca0d3ba96ba34e9170e7be7e3458"
6011603272871604,"fraud_Little Ltd",kids_pets,31.77,Robert,Holland,M,"431 Tracy Expressway",Milner,GA,30257,4138,"Field seismologist","15f4f0f15b8366db7e8111034bd96487","2020-11-24 13:42:32.0",legit,customer,unknown,"15f4f0f15b8366db7e8111034bd96487"
30328384440870,"fraud_Jenkins, Hauck and Friesen",gas_transport,59.9,Helen,Campbell,F,"182 Sergio Summit Apt. 129",Browning,MO,64630,602,Cytogeneticist,"1c84c6cf896706b6a20ba2645e6f6536","2020-09-11 08:34:09.0",legit,customer,unknown,"1c84c6cf896706b6a20ba2645e6f6536"
4658117080136,fraud_Hackett-Lueilwitz,grocery_pos,40.88,Dwayne,Martinez,M,"490 Baldwin Alley Apt. 468",Crownpoint,NM,87313,5662,"IT consultant","64161ee7b57b8cdc3be9e1b49424738e","2020-11-06 10:32:56.0",legit,customer,unknown,"64161ee7b57b8cdc3be9e1b49424738e"
5456776410929288,fraud_Beier-Hyatt,shopping_pos,268.57,Taylor,Khan,F,"658 Diane Glen Apt. 677","North Washington",PA,16048,139,"Patent attorney","1ebd8b595b396c35be3348e761f26d7e","2020-09-10 11:22:09.0",legit,customer,unknown,"1ebd8b595b396c35be3348e761f26d7e"
3595111028444131,fraud_Pacocha-Weissnat,kids_pets,85.01,Jeffery,Sanders,M,"5278 Sarah Station Apt. 009",Cardwell,MO,63829,1120,"Television floor manager","6d86fdedec37e4913b416e94ccb0597c","2020-10-28 18:15:25.0",legit,customer,unknown,"6d86fdedec37e4913b416e94ccb0597c"
4292902571056973207,fraud_Prohaska-Murray,gas_transport,43.97,Jeffrey,Smith,M,"135 Joseph Mountains",Sula,MT,59871,218,"Therapist, horticultural","9c96545f0b356d000e4b95b6c2a6fcd3","2020-10-29 00:13:36.0",legit,customer,unknown,"9c96545f0b356d000e4b95b6c2a6fcd3"
4467456915153312231,"fraud_Schuppe, Nolan and Hoeger",shopping_pos,8.39,Rita,Myers,F,"75703 Hernandez Corner Suite 348",Tampa,FL,33620,717255,"Waste management officer","bcf9f6737efc8ad369de5604fef74e56","2020-12-07 03:22:53.0",legit,customer,unknown,"bcf9f6737efc8ad369de5604fef74e56"
342952484382519,"fraud_O'Keefe-Wisoky",food_dining,31.48,Kayla,Jones,F,"6033 Young Track Suite 804","East Canaan",CT,6024,647,Comptroller,"aa9feb6e6d53d55ff461351fe2a4c164","2020-10-27 17:47:59.0",legit,customer,unknown,"aa9feb6e6d53d55ff461351fe2a4c164"
6593250708747804,"fraud_Kuhn LLC",shopping_pos,144.56,Melissa,Meza,F,"244 Abbott Parkway",Loxahatchee,FL,33470,26551,Paramedic,"071c761f67ad6100dcfe25915c4d5077","2020-11-29 17:21:50.0",legit,customer,unknown,"071c761f67ad6100dcfe25915c4d5077"
375534208663984,fraud_Fadel-Hilpert,health_fitness,74.68,Tyler,Garcia,M,"408 Bradley Rest","Doe Hill",VA,24433,99,"Dance movement psychotherapist","b3335cd94be1824afbca9ad3edebf1a1","2020-10-30 21:56:08.0",legit,customer,unknown,"b3335cd94be1824afbca9ad3edebf1a1"
180094419304907,fraud_McKenzie-Huels,food_dining,80.2,Sharon,Smith,F,"17666 David Valleys","Sun City",CA,92585,54287,"Designer, exhibition/display","c19b9dbbe4ff61e2a7017950c363d3e6","2020-11-23 19:54:07.0",legit,customer,unknown,"c19b9dbbe4ff61e2a7017950c363d3e6"
2288813824604479,"fraud_Heathcote LLC",shopping_net,171.81,Barbara,Norman,F,"6278 Stephanie Unions","New York City",NY,10039,1577385,Herbalist,"88cbff93f904a91e4e3eeb7fdc5e542c","2020-12-22 22:28:15.0",legit,customer,unknown,"88cbff93f904a91e4e3eeb7fdc5e542c"
6592861994408652,fraud_Koepp-Parker,grocery_pos,122.87,Ashley,Whitehead,F,"58188 Madison Meadow Apt. 949",Cowlesville,NY,14037,1166,"Colour technologist","7febc3909f65f3920a14662523f8d0ee","2020-12-28 08:41:32.0",legit,customer,unknown,"7febc3909f65f3920a14662523f8d0ee"
2706977570537524,"fraud_Medhurst, Cartwright and Ebert",personal_care,80.9,David,Serrano,M,"4739 Martin Common",Zaleski,OH,45698,341,"Accounting technician","a83354b8773dc7a5c5f636a9f30d3dc6","2020-12-20 12:48:40.0",legit,customer,unknown,"a83354b8773dc7a5c5f636a9f30d3dc6"
30235268718158,"fraud_Skiles LLC",home,42.92,Kenneth,Doyle,M,"8614 Reed Glen","West Harrison",NY,10604,11250,Lexicographer,"e5613a08add8fa8286f4e448f2ea784d","2020-10-05 23:22:54.0",legit,customer,unknown,"e5613a08add8fa8286f4e448f2ea784d"
4497451418073897078,"fraud_Upton PLC",entertainment,261.55,Elizabeth,Glover,F,"246 Stewart Green Suite 149","West Monroe",LA,71291,54185,"Radiographer, diagnostic","124681bdaa50f61c78f442fc1173d4e9","2020-12-28 17:32:51.0",legit,customer,unknown,"124681bdaa50f61c78f442fc1173d4e9"
378278619832195,"fraud_Fadel, Mertz and Rippin",entertainment,20.73,Mary,Mcintyre,F,"77921 Costa Villages",Eugene,OR,97403,191096,"Scientist, physiological","1d92571c354d2683d0df4f1e77ed974f","2020-12-28 00:15:52.0",legit,customer,unknown,"1d92571c354d2683d0df4f1e77ed974f"
2264937662466770,"fraud_Stroman, Hudson and Erdman",gas_transport,62.32,Juan,Sherman,M,"5939 Garcia Forges Suite 297","San Antonio",TX,78214,1595797,Land,"573b6112bf531db1d27faa493affd248","2020-11-02 04:11:51.0",legit,customer,unknown,"573b6112bf531db1d27faa493affd248"
377026671291680,"fraud_Durgan, Gislason and Spencer",home,16.55,Jackie,Davis,F,"1898 Parker Fork Apt. 057",Redford,MO,63665,241,"Investment analyst","c3d1112d1d3d6112fbc953b85f230f8b","2020-09-07 19:10:47.0",legit,customer,unknown,"c3d1112d1d3d6112fbc953b85f230f8b"
675990301623,fraud_Goodwin-Nitzsche,grocery_pos,131.04,Amanda,Spencer,F,"6682 Green Forks",Ogdensburg,NJ,7439,2456,"Senior tax professional/tax inspector","b12d11e10b3befff1281022e8fcd529d","2020-12-13 06:29:25.0",legit,customer,unknown,"b12d11e10b3befff1281022e8fcd529d"
503848303379,fraud_Metz-Boehm,shopping_pos,3.22,Gregory,Wallace,M,"27203 Darrell Landing","Saint James City",FL,33956,3776,"Sport and exercise psychologist","b747a0963cc7b34a6e8ab897fae4cdf4","2020-09-14 15:58:27.0",legit,customer,unknown,"b747a0963cc7b34a6e8ab897fae4cdf4"
4124536010991657,"fraud_Pagac LLC",shopping_pos,1.91,Sydney,Montoya,F,"265 Christian Summit Suite 231",Fairhope,AL,36532,27829,"Presenter, broadcasting","287172fd159c4cbde5be11abf3500d56","2020-12-24 11:31:50.0",legit,customer,unknown,"287172fd159c4cbde5be11abf3500d56"
3560797065840735,"fraud_Marks Inc",gas_transport,50.06,Janet,Turner,F,"0925 Lang Extensions",Shields,ND,58569,77,"Film/video editor","f5fe3d9869255e8dcd8b27a87c31fc6d","2020-12-07 04:31:01.0",legit,customer,unknown,"f5fe3d9869255e8dcd8b27a87c31fc6d"
30234966027947,"fraud_Waelchi Inc",kids_pets,17.59,Matthew,Lambert,M,"7188 Melissa Crest Apt. 151","New Holstein",WI,53061,5196,"Child psychotherapist","7ef607abed0f771e8fb8d45a8e61723e","2020-12-15 13:57:35.0",legit,customer,unknown,"7ef607abed0f771e8fb8d45a8e61723e"
4586810168620942,"fraud_Schuppe LLC",entertainment,181.87,Michelle,Gregory,F,"6983 Carrillo Isle","Edisto Island",SC,29438,2408,"Sales professional, IT","fc59478a8b77edb085601316cc538de3","2020-12-14 13:44:51.0",legit,customer,unknown,"fc59478a8b77edb085601316cc538de3"
6515067575568369,"fraud_Nienow PLC",entertainment,3.72,Kevin,Pena,M,"2674 Bentley Radial",Damascus,VA,24236,3085,"Land/geomatics surveyor","404225611881acd29695cde1792daf7c","2020-09-15 13:53:04.0",legit,customer,unknown,"404225611881acd29695cde1792daf7c"
36078114201167,"fraud_McCullough Group",grocery_net,24.6,Christopher,Horn,M,"956 Sanchez Highway",Mallie,KY,41836,798,"Facilities manager","0b47364b3599ca0ae10e09cfd0283479","2020-12-28 08:47:49.0",legit,customer,unknown,"0b47364b3599ca0ae10e09cfd0283479"
3500969075198072,"fraud_Volkman Ltd",misc_net,171.28,Kenneth,Sanchez,M,"0110 Ashley Forest",Tekoa,WA,99033,895,"Clothing/textile technologist","f98cd72c2ecc555df179d507414d516c","2020-09-17 16:24:48.0",legit,customer,unknown,"f98cd72c2ecc555df179d507414d516c"
180064817343047,"fraud_Johnson, Runolfsdottir and Mayer",misc_net,228.46,Patricia,Gonzalez,F,"8973 Mark Drive",Stephensport,KY,40170,344,"Chartered public finance accountant","806deacb43711946eaa36d1adb895638","2020-10-06 10:10:09.0",legit,customer,unknown,"806deacb43711946eaa36d1adb895638"
6011860238257910,"fraud_Zboncak LLC",food_dining,46.73,Lisa,Mendez,F,"44259 Beth Station Suite 215",Lahoma,OK,73754,1078,"Programme researcher, broadcasting/film/video","b929fcaec07f420cf499b76959101ab5","2020-09-20 12:09:27.0",legit,customer,unknown,"b929fcaec07f420cf499b76959101ab5"
4390966588600992777,fraud_Marvin-Lind,personal_care,69.73,Kyle,Simmons,M,"8149 Harris Divide","Oklahoma City",OK,73134,640470,"Advertising copywriter","1b0dade84ab910b33a3138566f806e56","2020-12-13 13:19:33.0",legit,customer,unknown,"1b0dade84ab910b33a3138566f806e56"
3561963695236764,fraud_McKenzie-Huels,food_dining,50.71,Michael,Lee,M,"7915 Dawn Roads Apt. 544","Shelter Island",NY,11964,1858,"Clinical biochemist","3768f12649070e9956a71cec6fe5dba8","2020-09-26 12:02:56.0",legit,customer,unknown,"3768f12649070e9956a71cec6fe5dba8"
4997733566924489,"fraud_Kunze Inc",grocery_pos,221.19,Stephanie,Taylor,F,"598 Martin Pine Suite 365","Saint Paul",MN,55128,753116,"Fisheries officer","91d0f0152b5bdc13e987b74b6799c26e","2020-12-25 11:22:08.0",legit,customer,unknown,"91d0f0152b5bdc13e987b74b6799c26e"
3587960728692500,"fraud_Little, Gutmann and Lynch",shopping_net,6.17,Kathy,Hughes,F,"02110 Lucas Freeway Suite 517","Battle Creek",IA,51006,1075,"Teacher, early years/pre","00d39c54722e2de124ebccedd67a5a44","2020-10-20 18:27:38.0",legit,customer,unknown,"00d39c54722e2de124ebccedd67a5a44"
30596478689301,"fraud_Fritsch and Sons",health_fitness,146.68,Daniel,Graham,M,"28223 Ward Summit Apt. 664",Arvada,CO,80005,122111,"Hotel manager","4ee7e6b9b34c0beed5f222b8f41b1286","2020-12-17 16:51:25.0",legit,customer,unknown,"4ee7e6b9b34c0beed5f222b8f41b1286"
30270432095985,fraud_Flatley-Durgan,misc_net,5.97,Lisa,Lin,F,"908 Brooks Brook",Lomax,IL,61454,725,"Environmental consultant","577d10916dc47975757a1f9bd5a6b90c","2020-10-02 23:10:54.0",legit,customer,unknown,"577d10916dc47975757a1f9bd5a6b90c"
30501624614310,"fraud_Carroll PLC",health_fitness,34.87,Amanda,Smith,F,"180 Graves Shore",Scotia,SC,29939,302,"Magazine features editor","90dc69dc42cb4d8a795f23a656eccf40","2020-10-10 12:30:00.0",legit,customer,unknown,"90dc69dc42cb4d8a795f23a656eccf40"
3573386445588324,fraud_Dibbert-Green,entertainment,30.1,Stephanie,Murphy,F,"526 Stacy Walks",Barnard,SD,57426,63,"Systems developer","9e0e7a57f7c014bd2241f53e1865cd36","2020-11-06 18:03:29.0",legit,customer,unknown,"9e0e7a57f7c014bd2241f53e1865cd36"
180072527505094,fraud_Kling-Ernser,entertainment,49.49,Cody,Miller,M,"25748 John Wells",Mooresville,NC,28117,69793,"Control and instrumentation engineer","39bc2ea645f0f77e0a9f5acd63e479c3","2020-10-03 11:17:23.0",legit,customer,unknown,"39bc2ea645f0f77e0a9f5acd63e479c3"
30234966027947,fraud_Stoltenberg-Beatty,shopping_pos,12.86,Matthew,Lambert,M,"7188 Melissa Crest Apt. 151","New Holstein",WI,53061,5196,"Child psychotherapist","670e6a4989d99e542cbcc52480dc08c7","2020-12-01 15:47:19.0",legit,customer,unknown,"670e6a4989d99e542cbcc52480dc08c7"
4740713119940984,"fraud_Torp, Muller and Borer",health_fitness,18.77,Heather,Hines,F,"13776 Hicks Plains",Pomona,NY,10970,9993,"Pensions consultant","9357daf500147bceef2c313de1d1151c","2020-12-19 23:01:28.0",legit,customer,unknown,"9357daf500147bceef2c313de1d1151c"
373905417449658,fraud_Turcotte-Halvorson,misc_pos,133.51,Sarah,Bishop,F,"554 Mcdonald Valley Apt. 539",Meridian,TX,76665,2526,Phytotherapist,"956bd843d1e05b8b1ac7a8a3c80ee4cb","2020-12-15 02:44:55.0",legit,customer,unknown,"956bd843d1e05b8b1ac7a8a3c80ee4cb"
2512312531485080,"fraud_Carroll PLC",health_fitness,12.43,John,Mccormick,M,"79414 Clark Lakes Suite 966",Warren,MI,48088,134056,"Producer, radio","462f20881e61d354c7989ab358063ba2","2020-10-19 23:59:51.0",legit,customer,unknown,"462f20881e61d354c7989ab358063ba2"
3599237318576484,fraud_Dibbert-Green,entertainment,180.89,Jessica,Smith,F,"06808 Ryan Valleys",Dubre,KY,42731,341,"Insurance risk surveyor","9669c0af3ec66ec53055073be23cd96a","2020-10-18 20:42:11.0",legit,customer,unknown,"9669c0af3ec66ec53055073be23cd96a"
3587960728692500,"fraud_Dickinson Ltd",personal_care,25.43,Kathy,Hughes,F,"02110 Lucas Freeway Suite 517","Battle Creek",IA,51006,1075,"Teacher, early years/pre","14f52d9454ab58497f8329bb8e9d80fb","2020-12-17 17:40:39.0",legit,customer,unknown,"14f52d9454ab58497f8329bb8e9d80fb"
501899453424,"fraud_Effertz, Welch and Schowalter",entertainment,1.24,Jessica,Dominguez,F,"06393 Nancy Parkways Suite 855",Gadsden,AL,35903,67082,"Ceramics designer","3f1f6f6da5f1da7f35e55c95d45f1363","2020-12-25 09:55:24.0",legit,customer,unknown,"3f1f6f6da5f1da7f35e55c95d45f1363"
4128027264554082,"fraud_Volkman Ltd",misc_net,218.38,Kyle,Park,M,"7507 Larry Passage Suite 859","Mount Perry",OH,43760,1831,"Barrister's clerk","1b2e7205e6ae296873038aee2664ee94","2020-12-14 07:26:18.0",legit,customer,unknown,"1b2e7205e6ae296873038aee2664ee94"
180018375329178,"fraud_O'Hara-Wilderman",food_dining,62.04,Michelle,Woods,F,"952 Joseph Throughway",Munith,MI,49259,2523,"Geophysicist/field seismologist","c390a3d4cc5527ec5c4d0d6f3233e76e","2020-11-08 17:11:26.0",legit,customer,unknown,"c390a3d4cc5527ec5c4d0d6f3233e76e"
571365235126,"fraud_Monahan, Hermann and Johns",travel,2.12,Barbara,Taylor,F,"0069 Robin Brooks Apt. 695",Elberta,MI,49628,372,"Exhibitions officer, museum/gallery","1f4d21be6c26ed62951970acf1666f28","2020-09-14 16:12:45.0",legit,customer,unknown,"1f4d21be6c26ed62951970acf1666f28"
4560004149983868183,"fraud_Moen, Reinger and Murphy",grocery_pos,221.31,Stacy,Villegas,F,"20581 Pena Walks","Colorado Springs",CO,80951,525713,"Museum/gallery exhibitions officer","7cfc2751aa0da10db6068c956b1743a2","2020-12-20 01:16:20.0",legit,customer,unknown,"7cfc2751aa0da10db6068c956b1743a2"
377834944388609,fraud_Douglas-White,entertainment,4.44,Michael,Jackson,M,"539 Underwood Divide","Pea Ridge",AR,72751,6434,"Product designer","f79761c41bc4b378e2cbc53c832f592f","2020-12-31 11:26:38.0",legit,customer,unknown,"f79761c41bc4b378e2cbc53c832f592f"
36913587729122,"fraud_Dibbert and Sons",entertainment,28.9,Ana,Mccormick,F,"4503 Patricia Route",Meridian,ID,83646,84106,"Intelligence analyst","99dab1c163cca892014a8067501d3b19","2020-09-15 19:57:16.0",legit,customer,unknown,"99dab1c163cca892014a8067501d3b19"
3560697798177746,"fraud_Zboncak LLC",food_dining,47.03,Matthew,Young,M,"8840 Miller Port Suite 645","Indian Wells",CA,92210,4677,"Learning mentor","f498a00ecfc7c6d66bd4030ef91ff80b","2020-12-07 11:34:41.0",legit,customer,unknown,"f498a00ecfc7c6d66bd4030ef91ff80b"
2254917871818484,"fraud_Hettinger, McCullough and Fay",home,174.71,Margaret,Gibson,F,"382 Williams Stream Suite 197",Scotland,MD,20687,313,"Insurance underwriter","327c9014e40ec3c257e76d07a47e4c9d","2020-11-02 20:36:43.0",legit,customer,unknown,"327c9014e40ec3c257e76d07a47e4c9d"
3541554378551366,"fraud_Larkin, Stracke and Greenfelder",entertainment,2.58,Brianna,Wilson,F,"257 Victor Stravenue",Hampton,VA,23666,136895,"Accounting technician","068fba1bcdb867b5236a032204e81a8e","2020-12-07 03:41:23.0",legit,customer,unknown,"068fba1bcdb867b5236a032204e81a8e"
6538441737335434,"fraud_Douglas, Schneider and Turner",shopping_pos,182.18,Gina,Grimes,F,"444 Robert Mews","Clarks Mills",PA,16114,606,"Energy manager","45a647796940b7d21e2c5330a2594204","2020-09-18 18:39:15.0",legit,customer,unknown,"45a647796940b7d21e2c5330a2594204"
4025612008285111,"fraud_Homenick LLC",personal_care,74.94,Krystal,Key,F,"23142 Montoya Island Apt. 742",Corsica,PA,15829,1274,"Maintenance engineer","9df54c4293ed252462a2309a7335c365","2020-12-02 15:18:39.0",legit,customer,unknown,"9df54c4293ed252462a2309a7335c365"
2703186189652095,"fraud_Rodriguez Group",gas_transport,79.88,Jennifer,Banks,F,"561 Perry Cove","Moravian Falls",NC,28654,3495,"Psychologist, counselling","1b56992fd5430cd1737e3d83e627e953","2020-12-26 10:48:17.0",legit,customer,unknown,"1b56992fd5430cd1737e3d83e627e953"
4536996888716062123,fraud_Weimann-Lockman,kids_pets,44.26,Nathan,Mendoza,M,"767 Adam Mill Apt. 115",Espanola,NM,87533,18408,"Historic buildings inspector/conservation officer","c0f3e73e49933bcb27b70de7a4a296f6","2020-11-28 12:56:09.0",legit,customer,unknown,"c0f3e73e49933bcb27b70de7a4a296f6"
213178765398315,"fraud_Welch, Rath and Koepp",entertainment,106.98,Alan,Colon,M,"748 Bryan Fields Suite 935",Riverton,WY,82501,19408,"Lecturer, higher education","242a7a53a4f83f3e4d3d0bf12c0a3d07","2020-12-14 21:36:55.0",legit,customer,unknown,"242a7a53a4f83f3e4d3d0bf12c0a3d07"
4715741951931168360,fraud_Little-Gleichner,travel,5.03,Robert,Drake,M,"463 Willie Estates",Burbank,OK,74633,471,Sub,"96badfc0dcdd91a468a3abc733f3bba5","2020-12-26 21:12:08.0",legit,customer,unknown,"96badfc0dcdd91a468a3abc733f3bba5"
4423489490781412,"fraud_Cartwright PLC",kids_pets,28.67,Christopher,Ortega,M,"5045 Emily Wall",Princeton,IA,52768,1426,"Agricultural consultant","bced447b23c0889946daed29059872bc","2020-12-08 12:55:04.0",legit,customer,unknown,"bced447b23c0889946daed29059872bc"
4698163635895795,"fraud_Parker, Nolan and Trantow",entertainment,10.2,Sharon,Powell,F,"101 Carla Loop",Wendel,CA,96136,104,"Teacher, adult education","79455a6f18bfae1423a9e716d1b1eaf0","2020-10-30 16:51:23.0",legit,customer,unknown,"79455a6f18bfae1423a9e716d1b1eaf0"
3518669219150142,"fraud_Nicolas, Hills and McGlynn",entertainment,5.48,Dorothy,Thomas,F,"537 Rice Square Suite 040",Milford,OH,45150,31394,"Hospital doctor","092edfabf2cef99ab3eec163ed2bca0e","2020-11-08 23:38:13.0",legit,customer,unknown,"092edfabf2cef99ab3eec163ed2bca0e"
374930071163758,"fraud_Schulist Ltd",food_dining,3.73,Daniel,Escobar,M,"61390 Hayes Port",Romulus,MI,48174,31515,"Police officer","940a2748b2b611559d144aa956931fb6","2020-09-10 15:41:05.0",legit,customer,unknown,"940a2748b2b611559d144aa956931fb6"
4128730454058057622,"fraud_Sawayn PLC",shopping_pos,3.28,Monique,Martin,F,"68276 Matthew Springs",Ratcliff,TX,75858,43,"Engineer, production","822ba7d5f5f6ff56674c54efce5d5cbe","2020-12-29 02:35:03.0",legit,customer,unknown,"822ba7d5f5f6ff56674c54efce5d5cbe"
630441765090,"fraud_Raynor, Feest and Miller",gas_transport,48.73,Susan,Washington,F,"759 Erin Mount Suite 956",May,TX,76857,1791,"Corporate investment banker","5eab83aac5640ae6e722d7d934a6fcc3","2020-12-22 07:41:15.0",legit,customer,unknown,"5eab83aac5640ae6e722d7d934a6fcc3"
180081032825079,fraud_Block-Parisian,misc_net,5.63,Connie,Carroll,F,"872 Justin Views Suite 746",Duncan,MS,38740,466,"Trading standards officer","ac9cf3512a6158ad89bcd0e458467ee1","2020-09-27 04:18:46.0",legit,customer,unknown,"ac9cf3512a6158ad89bcd0e458467ee1"
30029052116970,"fraud_Terry Ltd",home,66.64,Curtis,Young,M,"4319 Watson Shoals Suite 658",Falconer,NY,14733,3833,Metallurgist,"da837bca98f25d00b412bcf8ae07fde1","2020-11-16 19:19:13.0",legit,customer,unknown,"da837bca98f25d00b412bcf8ae07fde1"
38588538868506,"fraud_Gislason Group",travel,8.28,Jacqueline,Curry,F,"3047 Jeff Place",Marathon,TX,79842,498,Lexicographer,"5a558456e485677098dbb05fd7b4f2e4","2020-10-19 16:36:12.0",legit,customer,unknown,"5a558456e485677098dbb05fd7b4f2e4"
2248735346244816,"fraud_Auer LLC",personal_care,14.32,Jacob,Weber,M,"29156 Mark Park Apt. 108",Utica,KS,67584,269,"Product/process development scientist","9707fb89406517cfdfe1b18592a101a8","2020-12-15 20:17:39.0",legit,customer,unknown,"9707fb89406517cfdfe1b18592a101a8"
371009169330125,fraud_Johns-Hoeger,entertainment,91.54,Randall,Burgess,M,"393 Carroll Route Suite 197","Norman Park",GA,31771,5666,"Rural practice surveyor","95b181bfe00c83054bf0326ef41cb7c0","2020-12-20 22:00:06.0",legit,customer,unknown,"95b181bfe00c83054bf0326ef41cb7c0"
180048185037117,"fraud_Harber Inc",gas_transport,101.91,Mary,Wall,F,"2481 Mills Lock",Plainfield,NJ,7060,71485,"Leisure centre manager","fdd4bdf08a266aa6b4b800db3a004986","2020-11-30 09:16:14.0",legit,customer,unknown,"fdd4bdf08a266aa6b4b800db3a004986"
213113028819344,fraud_Friesen-Ortiz,personal_care,32.63,Melanie,Jimenez,F,"77944 Daniels Valley Suite 921",Camden,NY,13316,6460,"Building control surveyor","e8147d8c3a1fd1a7dcf28b08a274d796","2020-12-10 18:38:50.0",legit,customer,unknown,"e8147d8c3a1fd1a7dcf28b08a274d796"
4509922033272157,fraud_Cruickshank-Mills,entertainment,20.38,Monica,West,F,"22084 Smith Roads Suite 776",Hurley,SD,57036,811,Neurosurgeon,"cadd669963b810b817060b2cb008182f","2020-12-01 14:27:53.0",legit,customer,unknown,"cadd669963b810b817060b2cb008182f"
2657850734909997,"fraud_Carroll PLC",health_fitness,35.81,Alan,Howard,M,"04139 Johnson Prairie Suite 401",Detroit,MI,48206,673342,"Trading standards officer","e2f14843ccb0d62218f2681fecfbb711","2020-12-05 19:21:12.0",legit,customer,unknown,"e2f14843ccb0d62218f2681fecfbb711"
630484879808,"fraud_Romaguera Ltd",health_fitness,76.09,Ian,Patton,M,"8088 Sherman Radial Suite 689",Helm,CA,93627,123,"Early years teacher","05238530a676ee36e5be3eb5d8db503e","2020-10-12 21:03:23.0",legit,customer,unknown,"05238530a676ee36e5be3eb5d8db503e"
4599735407877245080,"fraud_Upton PLC",entertainment,2.87,Mary,Myers,F,"39787 Pamela Fall Suite 639",Tiptonville,TN,38079,5577,Geochemist,"18691fe16f0fc47ee7dfb9bbb5635792","2020-12-04 04:39:57.0",legit,customer,unknown,"18691fe16f0fc47ee7dfb9bbb5635792"
4769426683924058915,"fraud_Gerlach Inc",shopping_net,8.25,Andrea,Cruz,F,"26572 Hodge Villages Suite 512",Mifflin,PA,17058,1909,"Mining engineer","5c3fc07eb0b68e23707dadd786c38a29","2020-11-06 09:15:52.0",legit,customer,unknown,"5c3fc07eb0b68e23707dadd786c38a29"
180058696935600,"fraud_Reichel Inc",entertainment,105.8,Richard,Barnes,M,"1339 Johnson Landing Suite 007","De Lancey",NY,13752,782,"Chartered accountant","976c838b1277cc4ab3d0854ca0076b94","2020-11-28 20:51:02.0",legit,customer,unknown,"976c838b1277cc4ab3d0854ca0076b94"
213178765398315,fraud_Stark-Koss,home,8.31,Alan,Colon,M,"748 Bryan Fields Suite 935",Riverton,WY,82501,19408,"Lecturer, higher education","1b22681c41a0cd8aa95af5df4b44bdfe","2020-12-21 18:32:34.0",legit,customer,unknown,"1b22681c41a0cd8aa95af5df4b44bdfe"
4457732997086323466,fraud_Hirthe-Beier,health_fitness,78.49,Stanley,Mayo,M,"3433 Jones Branch",Fiddletown,CA,95629,832,"Immigration officer","345711749c1bb679537ded8659ba79e5","2020-11-30 14:04:24.0",legit,customer,unknown,"345711749c1bb679537ded8659ba79e5"
4601636330889,"fraud_Cole, Hills and Jewess",home,25.48,Mark,Rivera,M,"383 Contreras Hills Suite 658",Humble,TX,77338,194500,"Tax adviser","d495d7ba74f2a93f02ee6c945514a9b7","2020-10-09 16:18:30.0",legit,customer,unknown,"d495d7ba74f2a93f02ee6c945514a9b7"
3583793405872580,fraud_Schuppe-Schuppe,food_dining,7.86,Beth,Lambert,F,"6447 Johnson Estates Apt. 986",Roosevelt,OK,73564,551,"Amenity horticulturist","2d669d0b6714f2a68c343a2ce1a94603","2020-10-25 19:10:59.0",legit,customer,unknown,"2d669d0b6714f2a68c343a2ce1a94603"
3527536963490470,fraud_Bode-Rempel,kids_pets,17.22,Teresa,Stein,F,"2838 White Fields Apt. 473",Brunson,SC,29911,1725,"Social researcher","c56cc31b3d93bbcb6cd61ec4856296e9","2020-12-27 17:07:09.0",legit,customer,unknown,"c56cc31b3d93bbcb6cd61ec4856296e9"
3523843138706408,fraud_Torphy-Goyette,shopping_pos,64.08,Grace,Williams,F,"28812 Charles Mill Apt. 628",Plantersville,AL,36758,1412,"Drilling engineer","91ddb2c56cc9875e6f1767f625d40f2d","2020-12-23 15:37:13.0",legit,customer,unknown,"91ddb2c56cc9875e6f1767f625d40f2d"
571365235126,fraud_Parker-Kunde,personal_care,7.12,Barbara,Taylor,F,"0069 Robin Brooks Apt. 695",Elberta,MI,49628,372,"Exhibitions officer, museum/gallery","299e4a724644d6f93ef6d0b00ec3aa2d","2020-12-12 16:49:55.0",legit,customer,unknown,"299e4a724644d6f93ef6d0b00ec3aa2d"
4789911625179723,fraud_Spinka-Welch,grocery_net,55.41,Dorothy,Zuniga,F,"77321 Ford Via",Moriches,NY,11955,3285,"Research officer, trade union","51b6893260e2386986d6b854c820c9fc","2020-10-21 01:09:25.0",legit,customer,unknown,"51b6893260e2386986d6b854c820c9fc"
4451952084362894,fraud_Sporer-Keebler,personal_care,72.53,Joseph,Davis,M,"941 Adam Stravenue",Nazareth,TX,79063,686,"Petroleum engineer","2e91bcfd929c8c78d12e801157fac650","2020-12-15 14:24:04.0",legit,customer,unknown,"2e91bcfd929c8c78d12e801157fac650"
345389171551808,"fraud_Yost, Schamberger and Windler",kids_pets,61.82,Justin,Fowler,M,"5569 Phillips Neck Apt. 003",Coffeeville,MS,38922,3451,"Financial trader","44fc30c110e6c98d90f5e2d6a4e3dec0","2020-12-01 14:56:27.0",legit,customer,unknown,"44fc30c110e6c98d90f5e2d6a4e3dec0"
4745996322265,fraud_Stoltenberg-Beatty,shopping_pos,123.21,Carrie,Washington,F,"6114 Adams Harbor Suite 096","Kingsford Heights",IN,46346,1423,"Psychologist, forensic","4ded0fab992d0fd291fc74c3ebbe0dba","2020-09-30 15:42:13.0",legit,customer,unknown,"4ded0fab992d0fd291fc74c3ebbe0dba"
4226219726886852999,"fraud_Reinger, Weissnat and Strosin",food_dining,67.87,Jessica,Bell,F,"669 Moore Shoal",Bethel,OH,45106,12349,"Field trials officer","d8e8b8403984c20d385e411a9275b110","2020-09-23 14:15:45.0",legit,customer,unknown,"d8e8b8403984c20d385e411a9275b110"
4687263141103,"fraud_Sawayn PLC",shopping_pos,23.28,Sarah,Cross,F,"273 Phillip Throughway",Bigelow,MN,56117,399,Economist,"c19cdaa04c5a8d2b19d2a56283d45023","2020-12-13 23:02:35.0",legit,customer,unknown,"c19cdaa04c5a8d2b19d2a56283d45023"
38530489946071,fraud_Koepp-Witting,grocery_pos,129.59,Laura,Johns,F,"95835 Garcia Rue",Arcadia,SC,29320,530,"Animal technologist","0ae0cac45213ddd5a372fef784f0d954","2020-12-14 10:21:51.0",legit,customer,unknown,"0ae0cac45213ddd5a372fef784f0d954"
4961003488432306,"fraud_Pollich LLC",home,138.42,Stacy,Walsh,F,"324 Donna Ridge Suite 651",Cressona,PA,17929,1606,Ecologist,"47a0a2c3cf751f6a3437e9af81a9cee5","2020-12-12 19:25:21.0",legit,customer,unknown,"47a0a2c3cf751f6a3437e9af81a9cee5"
30427035050508,"fraud_Denesik, Powlowski and Pouros",home,27.52,John,Chandler,M,"88325 Brandon Greens Apt. 477",Detroit,MI,48202,673342,"Broadcast presenter","61a4340944d5664e566a4ed8a56a66d3","2020-11-07 23:51:38.0",legit,customer,unknown,"61a4340944d5664e566a4ed8a56a66d3"
4586260469584,"fraud_Reichel Inc",entertainment,14.84,Melody,Thompson,F,"0362 Anderson Wall","Mound City",MO,64470,1631,Architect,"5263e4d1e3954cf1b874e178101b3fdf","2020-11-08 17:21:58.0",legit,customer,unknown,"5263e4d1e3954cf1b874e178101b3fdf"
4990494243023,"fraud_Flatley Group",misc_pos,393.52,Martin,Ford,M,"56812 Francis Courts",Corriganville,MD,21524,626,"Energy engineer","4de635c3e1e40c20adfd4b5bb6189505","2020-12-30 09:56:13.0",legit,customer,unknown,"4de635c3e1e40c20adfd4b5bb6189505"
4755696071492,fraud_Bins-Tillman,entertainment,579.11,Robert,Evans,M,"01892 Patricia Vista Apt. 828",Sachse,TX,75048,20328,"Site engineer","6231485566b6ebfe132c02ed70c11747","2020-10-06 23:48:59.0",fraud,customer,unknown,"6231485566b6ebfe132c02ed70c11747"
370612217861404,"fraud_Hyatt, Russel and Gleichner",health_fitness,18.44,Amanda,Fitzgerald,F,"298 Kayla Lights",Bristol,PA,19007,21125,"Administrator, charities/voluntary organisations","ce7df6f7540f1a4594171f28af7b215a","2020-11-04 16:26:02.0",fraud,customer,unknown,"ce7df6f7540f1a4594171f28af7b215a"
2475085306462014,"fraud_Altenwerth, Cartwright and Koss",shopping_net,1027.83,John,Miller,M,"153 Mccullough Springs Apt. 857",Lamberton,MN,56152,1507,"Land/geomatics surveyor","a0ce2438795892f501a81e601585ad77","2020-11-08 22:24:48.0",fraud,customer,unknown,"a0ce2438795892f501a81e601585ad77"
3513506355699497,fraud_Boyer-Reichert,shopping_net,980.82,Sarah,Adams,F,"5654 Peterson Land",Ridgeland,MS,39157,24645,"Scientist, clinical (histocompatibility and immunogenetics)","1a0f820a700bfa12dc4c394d00407b94","2020-11-27 22:37:25.0",fraud,customer,unknown,"1a0f820a700bfa12dc4c394d00407b94"
4026222041577,fraud_Spencer-Runolfsson,misc_pos,7.83,Debbie,Payne,F,"204 Ashley Neck Apt. 169",Preston,CT,6365,4720,"Broadcast presenter","3e15bbfa342adb13deb40d9870cec740","2020-10-31 01:40:56.0",fraud,customer,unknown,"3e15bbfa342adb13deb40d9870cec740"
38530489946071,"fraud_Christiansen, Goyette and Schamberger",gas_transport,13.96,Laura,Johns,F,"95835 Garcia Rue",Arcadia,SC,29320,530,"Animal technologist","310e26a52ac025059add0360995bab11","2020-10-12 00:11:06.0",fraud,customer,unknown,"310e26a52ac025059add0360995bab11"
30011465039817,"fraud_Kling Inc",gas_transport,9.85,Lisa,Garcia,F,"213 Gill Expressway",Chatham,NY,12037,4015,"Human resources officer","3ee6c8294fab20df2e44db8dc232a0b3","2020-10-05 09:54:51.0",fraud,customer,unknown,"3ee6c8294fab20df2e44db8dc232a0b3"
4509142395811241,"fraud_Predovic Inc",shopping_net,1236.28,Margaret,Williams,F,"165 Jerry Meadows Suite 460",Surrency,GA,31563,1324,"Engineer, technical sales","119f77ad81a44a478f374d4c4d467b7b","2020-09-03 22:21:11.0",fraud,customer,unknown,"119f77ad81a44a478f374d4c4d467b7b"
3550412175018089,"fraud_Emard Inc",gas_transport,10.69,Morgan,James,F,"742 Sellers Ferry",Lexington,KY,40502,296965,"Software engineer","9333369432e57746c8044cc81e7a1cbc","2020-09-04 02:02:54.0",fraud,customer,unknown,"9333369432e57746c8044cc81e7a1cbc"
30011465039817,"fraud_Kuhic LLC",shopping_net,940.79,Lisa,Garcia,F,"213 Gill Expressway",Chatham,NY,12037,4015,"Human resources officer","065591b986e32545dc57246dd9d597c0","2020-10-05 11:31:55.0",fraud,customer,unknown,"065591b986e32545dc57246dd9d597c0"
370612217861404,"fraud_Sporer Inc",gas_transport,12.01,Amanda,Fitzgerald,F,"298 Kayla Lights",Bristol,PA,19007,21125,"Administrator, charities/voluntary organisations","d9745f541f996eebb498a9dc64e8920a","2020-11-04 00:44:27.0",fraud,customer,unknown,"d9745f541f996eebb498a9dc64e8920a"
573283817795,fraud_Padberg-Welch,grocery_pos,287.37,Amy,Flynn,F,"46095 Tara Fords",Jaffrey,NH,3452,5457,"Surveyor, hydrographic","c2f2ed9bb72293952f2cdfa49fc29d29","2020-10-26 00:50:17.0",fraud,customer,unknown,"c2f2ed9bb72293952f2cdfa49fc29d29"
