cc_num,merchant,category,amt,first,last,gender,street,city,state,zip,city_pop,job,trans_num,EVENT_TIMESTAMP,ENTITY_TYPE,ENTITY_ID,EVENT_ID,MODEL_SCORES,OUTCOMES,RULE_RESULTS,STATUS
180046165512893,fraud_Macejkovic-Lesch,shopping_pos,245.97,Erica,Walker,F,084 Holmes Avenue Suite 206,Stayton,OR,97383,9587,"Engineer, biomedical",6cee353a9d618adfbb12ecad9d427244,2020-10-13T09:21:53.000Z,customer,unknown,6cee353a9d618adfbb12ecad9d427244,{'fraud_model': 753.0},medium_risk,"{""review"": [""medium_risk""]}",Success
4783226709001,fraud_Waelchi Inc,kids_pets,19.7,Jessica,Garcia,F,13108 Jennifer Passage,Mc Cracken,KS,67556,320,Film/video editor,06aab943dd9fd64bb9b397e55beab6b7,2020-12-26T14:33:16.000Z,customer,unknown,06aab943dd9fd64bb9b397e55beab6b7,{'fraud_model': 936.0},high_risk,"{""investigate"": [""high_risk""]}",Success
213125815021702,fraud_Kilback LLC,grocery_pos,82.49,Adam,Kirk,M,40847 Stark Junctions,Big Indian,NY,12410,397,Psychiatrist,7ff89c21b51b9423cf382f77c7c47f40,2020-09-08T02:43:16.000Z,customer,unknown,7ff89c21b51b9423cf382f77c7c47f40,{'fraud_model': 2.0},low_risk,"{""approve"": [""low_risk""]}",Success
3537797820923602,fraud_Huels-Hahn,gas_transport,85.36,Christie,Mendoza,F,53142 Katrina Roads Suite 889,Monitor,WA,98836,584,Medical technical officer,d394398a95e7452dca2ebc669a352d24,2020-11-16T03:49:25.000Z,customer,unknown,d394398a95e7452dca2ebc669a352d24,{'fraud_model': 92.0},low_risk,"{""approve"": [""low_risk""]}",Success
3511378610369890,fraud_Price Inc,shopping_net,6.35,James,Cooper,M,663 Ramirez Trace Apt. 951,Huntsville,AL,35811,190178,Television production assistant,2e430cd43d74918f396c420ed6a4171c,2020-12-23T21:03:08.000Z,customer,unknown,2e430cd43d74918f396c420ed6a4171c,{'fraud_model': 2.0},low_risk,"{""approve"": [""low_risk""]}",Success
4450831335606294,"fraud_Baumbach, Strosin and Nicolas",shopping_pos,9.8,Donna,Davis,F,6760 Donovan Lakes,Clayton,OK,74536,1760,Occupational psychologist,c8759dfb80cdb7a6afdc8f1f197c6db5,2020-10-02T17:16:01.000Z,customer,unknown,c8759dfb80cdb7a6afdc8f1f197c6db5,{'fraud_model': 44.0},low_risk,"{""approve"": [""low_risk""]}",Success
6011652924285713,fraud_Pacocha-O'Reilly,grocery_pos,98.6,Kathryn,Smith,F,19838 Tonya Prairie Apt. 947,Rocky Mount,MO,65072,1847,Tax inspector,17595c8a1b5acae84931ff6da9d7c988,2020-10-06T06:04:38.000Z,customer,unknown,17595c8a1b5acae84931ff6da9d7c988,{'fraud_model': 0.0},low_risk,"{""approve"": [""low_risk""]}",Success
371985236239474,"fraud_Schaefer, Maggio and Daugherty",gas_transport,58.42,Benjamin,Martin,M,0495 Baker Manors,Oriskany Falls,NY,13425,1970,"Programmer, multimedia",560bebc9d896350f61950f2c0d47d55b,2020-12-14T04:44:20.000Z,customer,unknown,560bebc9d896350f61950f2c0d47d55b,{'fraud_model': 8.0},low_risk,"{""approve"": [""low_risk""]}",Success
4451438912406400,fraud_Nienow PLC,entertainment,131.79,Cheryl,Morgan,F,7535 Amanda Manors Suite 293,Norman,AR,71960,1383,Manufacturing engineer,6ef77223aea80d9a3d91816f42d4fdc8,2020-09-06T15:08:12.000Z,customer,unknown,6ef77223aea80d9a3d91816f42d4fdc8,{'fraud_model': 181.0},low_risk,"{""approve"": [""low_risk""]}",Success
6011367958204270,"fraud_Mosciski, Ziemann and Farrell",shopping_net,26.75,Tammy,Ayers,F,1652 James Mews,Hinckley,OH,44233,7646,Medical sales representative,4ddc405cab638ed3cc62b76b01669c74,2020-12-01T23:01:05.000Z,customer,unknown,4ddc405cab638ed3cc62b76b01669c74,{'fraud_model': 3.0},low_risk,"{""approve"": [""low_risk""]}",Success
4040099974063068803,fraud_Jakubowski Group,food_dining,57.37,Jeffrey,Lewis,M,24255 Bryan Square,Palermo,ND,58769,229,Administrator,46f443775695e454684dec61624c4172,2020-08-30T21:53:18.000Z,customer,unknown,46f443775695e454684dec61624c4172,{'fraud_model': 330.0},low_risk,"{""approve"": [""low_risk""]}",Success
4512828414983801773,"fraud_Armstrong, Walter and Gottlieb",food_dining,102.07,Monica,Cohen,F,864 Reynolds Plains,Uledi,PA,15484,328,Tree surgeon,b3ddb8ac1bdd038478529a41fc24c822,2020-12-20T21:16:00.000Z,customer,unknown,b3ddb8ac1bdd038478529a41fc24c822,{'fraud_model': 528.0},low_risk,"{""approve"": [""low_risk""]}",Success
375248307838179,fraud_Brekke and Sons,gas_transport,50.9,Joshua,Mendoza,M,4215 Miranda Field Suite 326,Tallmansville,WV,26237,571,Accounting technician,ed5a9291216e9b7ee49638f5794bacb0,2020-11-08T03:28:04.000Z,customer,unknown,ed5a9291216e9b7ee49638f5794bacb0,{'fraud_model': 16.0},low_risk,"{""approve"": [""low_risk""]}",Success
372520049757633,"fraud_Runolfsdottir, Mueller and Hand",entertainment,95.34,Lori,Ramirez,F,4293 Ramirez Squares,Ranier,MN,56668,136,Ceramics designer,99c776fd3203939da2de5aa15136d2e1,2020-12-14T15:20:04.000Z,customer,unknown,99c776fd3203939da2de5aa15136d2e1,{'fraud_model': 24.0},low_risk,"{""approve"": [""low_risk""]}",Success
4427805710168,fraud_Stark-Batz,entertainment,27.56,Michelle,Rodriguez,F,1742 Brandon Squares Apt. 461,Ruidoso,NM,88355,8874,Licensed conveyancer,4a768bedc4367538f6ffa56060525a65,2020-09-29T23:36:09.000Z,customer,unknown,4a768bedc4367538f6ffa56060525a65,{'fraud_model': 83.0},low_risk,"{""approve"": [""low_risk""]}",Success
4536996888716062123,fraud_Hintz-Bruen,grocery_net,39.72,Nathan,Mendoza,M,767 Adam Mill Apt. 115,Espanola,NM,87533,18408,Historic buildings inspector/conservation officer,03b7d39e2fbc0a14841982c23a680f85,2020-10-30T06:32:42.000Z,customer,unknown,03b7d39e2fbc0a14841982c23a680f85,{'fraud_model': 32.0},low_risk,"{""approve"": [""low_risk""]}",Success
373905417449658,fraud_Heller-Abshire,grocery_net,42.86,Sarah,Bishop,F,554 Mcdonald Valley Apt. 539,Meridian,TX,76665,2526,Phytotherapist,68525eae0c92c7ad16d3a2706aa61f06,2020-12-18T02:56:34.000Z,customer,unknown,68525eae0c92c7ad16d3a2706aa61f06,{'fraud_model': 107.0},low_risk,"{""approve"": [""low_risk""]}",Success
213178850083780,fraud_Heidenreich PLC,grocery_pos,119.2,Shawn,King,M,31493 Garcia Summit,Athena,OR,97813,1302,Dealer,bafcc2f4ed915ee22024209cd9005b67,2020-11-21T01:54:27.000Z,customer,unknown,bafcc2f4ed915ee22024209cd9005b67,{'fraud_model': 6.0},low_risk,"{""approve"": [""low_risk""]}",Success
676102124465,fraud_Little-Gleichner,travel,5.78,Natasha,Mclaughlin,F,8699 Lindsay Ford Apt. 486,Napa,CA,94558,94014,Airline pilot,457d003b432af977f2a2bbffb26a15b4,2020-11-26T12:22:38.000Z,customer,unknown,457d003b432af977f2a2bbffb26a15b4,{'fraud_model': 398.0},low_risk,"{""approve"": [""low_risk""]}",Success
4725673654161314,"fraud_Moen, Reinger and Murphy",grocery_pos,117.5,Alex,White,M,874 Fred Knolls Apt. 609,Orient,NY,11957,743,Video editor,de92afded01ef8fed9f204d8035cdf9f,2020-09-10T05:33:11.000Z,customer,unknown,de92afded01ef8fed9f204d8035cdf9f,{'fraud_model': 5.0},low_risk,"{""approve"": [""low_risk""]}",Success
30428204673351,"fraud_Ferry, Lynch and Kautzer",misc_net,131.29,Greg,Villarreal,M,2851 Foster Shoals,Schaefferstown,PA,17088,823,Gaffer,8642af2ae8e69a81c85a02b1d16fbb2a,2020-10-27T01:10:24.000Z,customer,unknown,8642af2ae8e69a81c85a02b1d16fbb2a,{'fraud_model': 31.0},low_risk,"{""approve"": [""low_risk""]}",Success
6534628260579800,fraud_Torp-Labadie,gas_transport,48.04,Christine,Harris,F,29606 Martinez Views Suite 653,Hinesburg,VT,5461,4542,Claims inspector/assessor,30c0bef98195929dba2a8d1c8be3ef8c,2020-12-28T04:38:04.000Z,customer,unknown,30c0bef98195929dba2a8d1c8be3ef8c,{'fraud_model': 18.0},low_risk,"{""approve"": [""low_risk""]}",Success
6597888193422452,fraud_Lynch-Wisozk,home,231.67,Bill,Lane,M,4725 Hurst Curve Apt. 634,Holliday,TX,76366,2317,Chief Technology Officer,b427a07aadf4bcb5b7726621a4e03192,2020-10-05T16:39:16.000Z,customer,unknown,b427a07aadf4bcb5b7726621a4e03192,{'fraud_model': 862.0},medium_risk,"{""review"": [""medium_risk""]}",Success
30364087349027,fraud_Homenick LLC,personal_care,116.96,Samuel,Sandoval,M,0005 Morrison Land,Mounds,OK,74047,7163,Fitness centre manager,3893b412e2ffdb48afcb12b70fbdbf8c,2020-10-01T16:59:40.000Z,customer,unknown,3893b412e2ffdb48afcb12b70fbdbf8c,{'fraud_model': 816.0},medium_risk,"{""review"": [""medium_risk""]}",Success
584673555952,fraud_Shanahan-Lehner,personal_care,83.31,Jessica,Jordan,F,071 Wise Trace,Coleharbor,ND,58531,307,Make,bb0aa3d2ff5e4ca3f078a14771b3fb36,2020-10-17T19:35:03.000Z,customer,unknown,bb0aa3d2ff5e4ca3f078a14771b3fb36,{'fraud_model': 213.0},low_risk,"{""approve"": [""low_risk""]}",Success
4951647200979051,fraud_Bauch-Blanda,entertainment,18.89,Kimberly,Miller,F,75533 Tamara Valleys,Logan,IL,62856,324,"Scientist, research (physical sciences)",6cd2bbd3d8cc8b5300cc246785d42171,2020-12-30T12:11:04.000Z,customer,unknown,6cd2bbd3d8cc8b5300cc246785d42171,{'fraud_model': 682.0},low_risk,"{""approve"": [""low_risk""]}",Success
6573561108825071,fraud_Brekke and Sons,gas_transport,55.77,Kristina,Lewis,F,5449 Brandi Heights Apt. 111,Tulsa,OK,74130,413574,Bookseller,9d96b29d3ac6a8fc64d647c20e3f816a,2020-09-04T01:43:25.000Z,customer,unknown,9d96b29d3ac6a8fc64d647c20e3f816a,{'fraud_model': 34.0},low_risk,"{""approve"": [""low_risk""]}",Success
4512828414983801773,fraud_McDermott-Weimann,grocery_pos,105.66,Monica,Cohen,F,864 Reynolds Plains,Uledi,PA,15484,328,Tree surgeon,13e2a80a3a0f51419f4b0d5d05484898,2020-11-18T11:00:54.000Z,customer,unknown,13e2a80a3a0f51419f4b0d5d05484898,{'fraud_model': 2.0},low_risk,"{""approve"": [""low_risk""]}",Success
675909898057,"fraud_O'Connell, Botsford and Hand",home,82.74,Christopher,Henry,M,1198 Robert Stravenue Apt. 479,Armonk,NY,10504,7987,Television/film/video producer,3534a8f6edbf4af7b7555ddfa23b3a82,2020-10-06T22:46:53.000Z,customer,unknown,3534a8f6edbf4af7b7555ddfa23b3a82,{'fraud_model': 53.0},low_risk,"{""approve"": [""low_risk""]}",Success
3583635130604947,fraud_Morissette LLC,entertainment,80.53,Crystal,Gamble,F,899 Michele View Suite 960,Philadelphia,PA,19149,1526206,Structural engineer,a6e0c4cf6e0361fb6dd91e8bf4f99a3a,2020-12-01T14:38:16.000Z,customer,unknown,a6e0c4cf6e0361fb6dd91e8bf4f99a3a,{'fraud_model': 25.0},low_risk,"{""approve"": [""low_risk""]}",Success
343472729187663,fraud_Cummerata-Jones,gas_transport,52.29,Gloria,Wallace,F,234 Bridges Wells Apt. 389,Center Tuftonboro,NH,3816,1368,"Optician, dispensing",e7178f4cb74ab05f0c69ec8f0aed4bee,2020-12-31T01:40:26.000Z,customer,unknown,e7178f4cb74ab05f0c69ec8f0aed4bee,{'fraud_model': 32.0},low_risk,"{""approve"": [""low_risk""]}",Success
3596217206093829,fraud_Berge-Ullrich,home,64.46,Sara,Ramirez,F,23843 Scott Island,Birmingham,IA,52535,888,Camera operator,23767b68a958859a68f83915de2a5cac,2020-10-08T12:37:45.000Z,customer,unknown,23767b68a958859a68f83915de2a5cac,{'fraud_model': 33.0},low_risk,"{""approve"": [""low_risk""]}",Success
6597888193422452,fraud_Schoen-Quigley,kids_pets,2.29,Bill,Lane,M,4725 Hurst Curve Apt. 634,Holliday,TX,76366,2317,Chief Technology Officer,2cc8765def97a3654f5093d7d0225acd,2020-11-01T14:25:42.000Z,customer,unknown,2cc8765def97a3654f5093d7d0225acd,{'fraud_model': 415.0},low_risk,"{""approve"": [""low_risk""]}",Success
4292743669224718067,"fraud_Boehm, Block and Jakubowski",misc_pos,9.94,Michael,Williams,M,35822 Clayton Street Apt. 679,Great Mills,MD,20634,5927,Art therapist,7cb7dc204b76f5c70300c5effae0c76f,2020-12-15T19:57:55.000Z,customer,unknown,7cb7dc204b76f5c70300c5effae0c76f,{'fraud_model': 675.0},low_risk,"{""approve"": [""low_risk""]}",Success
4561546772499,fraud_Huels-Hahn,gas_transport,63.38,Daniel,Briggs,M,7118 Jessica Unions Apt. 789,Moriarty,NM,87035,7268,"Therapist, art",439911f063bdf2dfe39e54e1c0d15a11,2020-12-25T04:56:50.000Z,customer,unknown,439911f063bdf2dfe39e54e1c0d15a11,{'fraud_model': 9.0},low_risk,"{""approve"": [""low_risk""]}",Success
3524574586339330,"fraud_Lubowitz, Terry and Stracke",personal_care,6.5,Ashley,Cabrera,F,94225 Smith Springs Apt. 617,Vero Beach,FL,32960,105638,"Librarian, public",82cb086cbdb4834eb01cd9a1db794d9e,2020-10-14T14:56:28.000Z,customer,unknown,82cb086cbdb4834eb01cd9a1db794d9e,{'fraud_model': 277.0},low_risk,"{""approve"": [""low_risk""]}",Success
30092964733035,fraud_Bailey-Morar,grocery_pos,202.0,Jessica,Terry,F,6412 Elizabeth Gardens Suite 633,Maysville,KY,41056,14228,Advertising account executive,24a0596beef96c1d80ba718bc189a5fa,2020-09-13T10:49:55.000Z,customer,unknown,24a0596beef96c1d80ba718bc189a5fa,{'fraud_model': 62.0},low_risk,"{""approve"": [""low_risk""]}",Success
3549202406645667,"fraud_Huel, Hammes and Witting",grocery_pos,74.61,Larry,Williams,M,6274 David Oval Suite 725,Scarborough,ME,4074,18760,Make,1cd850bacc7067ae59f905bbe8a8c72d,2020-11-25T02:37:46.000Z,customer,unknown,1cd850bacc7067ae59f905bbe8a8c72d,{'fraud_model': 1.0},low_risk,"{""approve"": [""low_risk""]}",Success
3577794103155425,fraud_Schmitt Ltd,misc_net,3.39,Mary,Humphrey,F,9853 Flynn Hollow Apt. 602,Reynolds,ND,58275,733,Visual merchandiser,e99c2fd3da73c3211505279228e45071,2020-12-05T01:48:10.000Z,customer,unknown,e99c2fd3da73c3211505279228e45071,{'fraud_model': 7.0},low_risk,"{""approve"": [""low_risk""]}",Success
3576281490078437,fraud_Wiegand-Lowe,grocery_net,52.6,Chris,Dixon,M,919 Miller Isle,Williams,IN,47470,1735,Financial adviser,f6f0abfdaf3dcaeaae0f3df06c218f24,2020-12-30T01:23:39.000Z,customer,unknown,f6f0abfdaf3dcaeaae0f3df06c218f24,{'fraud_model': 423.0},low_risk,"{""approve"": [""low_risk""]}",Success
675945690716,"fraud_Cormier, Stracke and Thiel",entertainment,71.11,Ellen,Smith,F,285 George Lake,Beaver Falls,PA,15010,28425,Podiatrist,f8f9c041ad0becde8dd724baa799f4c8,2020-12-19T19:38:38.000Z,customer,unknown,f8f9c041ad0becde8dd724baa799f4c8,{'fraud_model': 27.0},low_risk,"{""approve"": [""low_risk""]}",Success
4613314721966,fraud_Deckow-O'Conner,grocery_pos,95.19,Jason,Murphy,M,542 Steve Curve Suite 011,Collettsville,NC,28611,885,Soil scientist,263708d0a0d8384801a4a3b68e3b1359,2020-12-21T06:46:43.000Z,customer,unknown,263708d0a0d8384801a4a3b68e3b1359,{'fraud_model': 2.0},low_risk,"{""approve"": [""low_risk""]}",Success
4170689372027579,"fraud_Cronin, Kshlerin and Weber",health_fitness,70.46,Samuel,Frey,M,830 Myers Plaza Apt. 384,Edmond,OK,73034,116001,Media buyer,1aa895740ed69f76a25bab318171e0bc,2020-12-13T16:25:52.000Z,customer,unknown,1aa895740ed69f76a25bab318171e0bc,{'fraud_model': 103.0},low_risk,"{""approve"": [""low_risk""]}",Success
2285066385084291,"fraud_Monahan, Bogisich and Ledner",misc_pos,281.61,Richard,Brown,M,17819 Jose Mount Suite 657,Heidelberg,MS,39439,4573,"Exhibitions officer, museum/gallery",3f260e8a2c6658d18d0aeede6f51412e,2020-12-08T23:14:09.000Z,customer,unknown,3f260e8a2c6658d18d0aeede6f51412e,{'fraud_model': 325.0},low_risk,"{""approve"": [""low_risk""]}",Success
4239436242473,"fraud_Robel, Cummerata and Prosacco",gas_transport,79.26,James,Leon,M,826 Benjamin Stravenue,Alexandria,VA,22311,321490,"Scientist, biomedical",4c2ffd819baa3f59e37c8ed0c2b965f2,2020-12-12T01:14:45.000Z,customer,unknown,4c2ffd819baa3f59e37c8ed0c2b965f2,{'fraud_model': 7.0},low_risk,"{""approve"": [""low_risk""]}",Success
3559160581764413,fraud_Barrows PLC,shopping_pos,135.19,Allen,Bell,M,70147 Amanda Fields,Saint Bonaventure,NY,14778,1453,Toxicologist,96c233fe7c86fb615a20c6d2b1f3d576,2020-12-18T06:59:17.000Z,customer,unknown,96c233fe7c86fb615a20c6d2b1f3d576,{'fraud_model': 137.0},low_risk,"{""approve"": [""low_risk""]}",Success
6011934240159560,fraud_Cartwright-Harris,grocery_pos,92.2,Joshua,Cohen,M,426 Mark Ports,Brooklin,ME,4616,824,"Loss adjuster, chartered",a3e5f96d3443592a49af03fef20ddade,2020-08-30T03:09:33.000Z,customer,unknown,a3e5f96d3443592a49af03fef20ddade,{'fraud_model': 3.0},low_risk,"{""approve"": [""low_risk""]}",Success
4599735407877245080,"fraud_Feil, Hilpert and Koss",food_dining,37.13,Mary,Myers,F,39787 Pamela Fall Suite 639,Tiptonville,TN,38079,5577,Geochemist,77aa350cca00d8b2dee7e464d88f4e29,2020-11-24T01:26:08.000Z,customer,unknown,77aa350cca00d8b2dee7e464d88f4e29,{'fraud_model': 490.0},low_risk,"{""approve"": [""low_risk""]}",Success
581686439828,fraud_Heathcote LLC,shopping_net,8.46,Larry,House,M,911 Sabrina Trafficway,Cochranton,PA,16314,5507,Retail merchandiser,88507baa092e2dad8a4ff79f290d6421,2020-12-16T18:43:16.000Z,customer,unknown,88507baa092e2dad8a4ff79f290d6421,{'fraud_model': 5.0},low_risk,"{""approve"": [""low_risk""]}",Success
3551217896304745,fraud_Murray Ltd,grocery_net,72.43,Sara,Harris,F,597 Jenny Ford Apt. 543,Tupper Lake,NY,12986,6120,Chartered loss adjuster,47fba353770f632957ee906cc3a91f08,2020-10-06T09:12:02.000Z,customer,unknown,47fba353770f632957ee906cc3a91f08,{'fraud_model': 50.0},low_risk,"{""approve"": [""low_risk""]}",Success
2305336922781618,"fraud_Huel, Hammes and Witting",grocery_pos,116.67,Jeffrey,Rice,M,21447 Powell Circle,Moulton,IA,52572,1132,Probation officer,d9785d3824bc665bdeb62d4e7cbfc49b,2020-12-30T10:05:16.000Z,customer,unknown,d9785d3824bc665bdeb62d4e7cbfc49b,{'fraud_model': 16.0},low_risk,"{""approve"": [""low_risk""]}",Success
4653879239169997,"fraud_Hettinger, McCullough and Fay",home,4.49,Monica,Tucker,F,302 Christina Islands,Smiths Grove,KY,42171,6841,"Therapist, sports",55aaef51f24345f0cf1aa248439d5db7,2020-08-31T13:41:18.000Z,customer,unknown,55aaef51f24345f0cf1aa248439d5db7,{'fraud_model': 9.0},low_risk,"{""approve"": [""low_risk""]}",Success
4003989662068504,fraud_Mraz-Herzog,gas_transport,65.34,Chris,White,M,98897 Bennett Lodge,Bessemer,AL,35022,71463,Radio broadcast assistant,b64fc21a64317448dc21e844ef2dd065,2020-10-13T03:17:09.000Z,customer,unknown,b64fc21a64317448dc21e844ef2dd065,{'fraud_model': 9.0},low_risk,"{""approve"": [""low_risk""]}",Success
4067137330196900,"fraud_Parker, Nolan and Trantow",entertainment,99.6,Christina,Eaton,F,3256 Brooks Field,Eldridge,AL,35554,1186,Politician's assistant,2c501dd1798b67ad8f078ae769e2d1f6,2020-09-05T14:26:46.000Z,customer,unknown,2c501dd1798b67ad8f078ae769e2d1f6,{'fraud_model': 112.0},low_risk,"{""approve"": [""low_risk""]}",Success
346273234529002,fraud_Adams-Barrows,health_fitness,91.41,Donna,Moreno,F,32301 Albert River Suite 364,Ronceverte,WV,24970,4575,Statistician,404b5af31858c81898f49bd63bbd78b8,2020-10-13T17:07:02.000Z,customer,unknown,404b5af31858c81898f49bd63bbd78b8,{'fraud_model': 318.0},low_risk,"{""approve"": [""low_risk""]}",Success
4807552641361,fraud_Fritsch and Sons,health_fitness,38.11,Kimberly,Castro,F,588 Smith Lights Suite 786,Rosewood,OH,43070,133,Professor Emeritus,a0d5042368871cfc664c91edb4bcaf4a,2020-10-07T18:44:38.000Z,customer,unknown,a0d5042368871cfc664c91edb4bcaf4a,{'fraud_model': 609.0},low_risk,"{""approve"": [""low_risk""]}",Success
4651007077623147,fraud_Bins-Rice,gas_transport,56.88,Andrea,Lewis,F,43075 Cohen Shoals,Ashford,WA,98304,759,Video editor,d47561d4acf873f6eacca7b56a56c868,2020-12-04T03:26:10.000Z,customer,unknown,d47561d4acf873f6eacca7b56a56c868,{'fraud_model': 39.0},low_risk,"{""approve"": [""low_risk""]}",Success
30273037698427,fraud_Predovic Inc,shopping_net,296.5,Andrew,Patterson,M,06959 Stephen Branch Suite 246,Thida,AR,72165,111,Careers information officer,61f624ed84c7d6d9ce52a2e486927b6a,2020-09-11T13:18:19.000Z,customer,unknown,61f624ed84c7d6d9ce52a2e486927b6a,{'fraud_model': 522.0},low_risk,"{""approve"": [""low_risk""]}",Success
577588686219,"fraud_Metz, Russel and Metz",kids_pets,12.61,James,Strickland,M,25454 Leonard Lake,Spring Church,PA,15686,972,Public relations account executive,9a4557689d491dcd9340f5fcf5be5d15,2020-12-29T23:50:24.000Z,customer,unknown,9a4557689d491dcd9340f5fcf5be5d15,{'fraud_model': 450.0},low_risk,"{""approve"": [""low_risk""]}",Success
573860193545,fraud_Conroy-Emard,food_dining,5.49,Cristian,Jones,M,0423 Kirby Field Suite 623,Wilmette,IL,60091,27020,Trade mark attorney,6f6126a64b45093e5944ea018ee8e995,2020-11-07T16:17:13.000Z,customer,unknown,6f6126a64b45093e5944ea018ee8e995,{'fraud_model': 62.0},low_risk,"{""approve"": [""low_risk""]}",Success
4239552724014407,"fraud_Bernhard, Grant and Langworth",shopping_pos,7.87,Carl,Hernandez,M,9134 Darryl Flat Suite 916,Paulding,OH,45879,6284,Secondary school teacher,e1977f8623739d6276691b9f747ca660,2020-10-13T03:51:38.000Z,customer,unknown,e1977f8623739d6276691b9f747ca660,{'fraud_model': 32.0},low_risk,"{""approve"": [""low_risk""]}",Success
4393520897625,"fraud_Osinski, Ledner and Leuschke",grocery_pos,94.01,Charles,Rodriguez,M,240 Tracy Forges,Easton,KS,66020,1442,Air broker,c785df67a0905bdd4668e51808029f3e,2020-09-27T05:04:47.000Z,customer,unknown,c785df67a0905bdd4668e51808029f3e,{'fraud_model': 2.0},low_risk,"{""approve"": [""low_risk""]}",Success
4247921790666,fraud_Schulist Ltd,food_dining,52.23,Judith,Moss,F,46297 Benjamin Plains Suite 703,Washington Court House,OH,43160,22305,Television floor manager,9ede0828fd61c9b516d479db57a2b8af,2020-11-02T16:59:01.000Z,customer,unknown,9ede0828fd61c9b516d479db57a2b8af,{'fraud_model': 266.0},low_risk,"{""approve"": [""low_risk""]}",Success
3560725013359375,"fraud_Hermiston, Russel and Price",food_dining,79.62,Brooke,Smith,F,63542 Luna Brook Apt. 012,Notrees,TX,79759,23,Cytogeneticist,fa42e8b71f102ba4b91c813c7e1c47cb,2020-12-06T18:03:29.000Z,customer,unknown,fa42e8b71f102ba4b91c813c7e1c47cb,{'fraud_model': 190.0},low_risk,"{""approve"": [""low_risk""]}",Success
4900628639996,fraud_Friesen Inc,shopping_pos,34.7,Michael,Johnson,M,094 Owens Underpass,Norwalk,CA,90650,105549,Firefighter,f9d05f1f8250d624d17c1a8059a55a9f,2020-11-17T23:24:11.000Z,customer,unknown,f9d05f1f8250d624d17c1a8059a55a9f,{'fraud_model': 29.0},low_risk,"{""approve"": [""low_risk""]}",Success
4104312520615374,fraud_Mohr Inc,shopping_pos,8.2,Brooke,Rodriguez,F,901 Todd Gardens Apt. 466,Mountain Center,CA,92561,1661,"Therapist, music",845d8582a12bbd2c8f2f44ad4b4a1417,2020-12-08T23:32:08.000Z,customer,unknown,845d8582a12bbd2c8f2f44ad4b4a1417,{'fraud_model': 24.0},low_risk,"{""approve"": [""low_risk""]}",Success
676148621961,fraud_Little Ltd,kids_pets,8.0,Jennifer,Vega,F,91644 Crystal Drives,Eagarville,IL,62023,91,Materials engineer,885596fa88da49c4cc4e780ad160ba8e,2020-11-11T17:42:32.000Z,customer,unknown,885596fa88da49c4cc4e780ad160ba8e,{'fraud_model': 707.0},medium_risk,"{""review"": [""medium_risk""]}",Success
4128027264554082,fraud_Kautzer and Sons,personal_care,32.26,Kyle,Park,M,7507 Larry Passage Suite 859,Mount Perry,OH,43760,1831,Barrister's clerk,5254f50e8b0ae8c3161b63e8de1ba23c,2020-12-20T14:47:19.000Z,customer,unknown,5254f50e8b0ae8c3161b63e8de1ba23c,{'fraud_model': 393.0},low_risk,"{""approve"": [""low_risk""]}",Success
2264937662466770,fraud_Pouros-Haag,shopping_pos,5.08,Juan,Sherman,M,5939 Garcia Forges Suite 297,San Antonio,TX,78214,1595797,Land,715cdbd8cbd275dda474a63228311536,2020-12-13T17:25:40.000Z,customer,unknown,715cdbd8cbd275dda474a63228311536,{'fraud_model': 4.0},low_risk,"{""approve"": [""low_risk""]}",Success
30263540414123,fraud_Corwin-Collins,gas_transport,73.89,Erik,Patterson,M,162 Jessica Row Apt. 072,Hatch,UT,84735,258,Geoscientist,308bdf4c73eb5ae7ed666438344660f1,2020-12-20T02:54:31.000Z,customer,unknown,308bdf4c73eb5ae7ed666438344660f1,{'fraud_model': 15.0},low_risk,"{""approve"": [""low_risk""]}",Success
503874407318,fraud_O'Keefe-Wisoky,food_dining,145.51,Andrew,Mcgee,M,4130 Tiffany Glen Apt. 562,San Antonio,TX,78248,1595797,Exhibition designer,765ccf33a53f8eaa45b0805c9c8acadf,2020-12-08T14:05:39.000Z,customer,unknown,765ccf33a53f8eaa45b0805c9c8acadf,{'fraud_model': 371.0},low_risk,"{""approve"": [""low_risk""]}",Success
180094419304907,fraud_Stiedemann Ltd,food_dining,59.86,Sharon,Smith,F,17666 David Valleys,Sun City,CA,92585,54287,"Designer, exhibition/display",f2e257f33c3b80a8550da8ee43e194c3,2020-09-29T19:09:29.000Z,customer,unknown,f2e257f33c3b80a8550da8ee43e194c3,{'fraud_model': 229.0},low_risk,"{""approve"": [""low_risk""]}",Success
2242542703101233,"fraud_Haley, Jewess and Bechtelar",shopping_pos,133.22,Samuel,Jenkins,M,43235 Mckenzie Views Apt. 837,Westport,KY,40077,564,Pensions consultant,53929ca6fd404bd855b6266d212fd9c2,2020-11-23T23:17:32.000Z,customer,unknown,53929ca6fd404bd855b6266d212fd9c2,{'fraud_model': 95.0},low_risk,"{""approve"": [""low_risk""]}",Success
4306586894261180,fraud_Pacocha-O'Reilly,grocery_pos,115.05,Renee,Walls,F,86542 Jessica Fords Apt. 706,Veedersburg,IN,47987,4049,"Development worker, community",b51e320a25dc1f8c0060aacb7c0e9c90,2020-12-29T01:46:01.000Z,customer,unknown,b51e320a25dc1f8c0060aacb7c0e9c90,{'fraud_model': 0.0},low_risk,"{""approve"": [""low_risk""]}",Success
4716561796955522,fraud_Hoppe-Parisian,kids_pets,33.47,Lauren,Anderson,F,11014 Chad Lake Apt. 573,Heart Butte,MT,59448,743,Water engineer,7f6603abd324cd9172f3092f0033cc2d,2020-11-30T17:07:14.000Z,customer,unknown,7f6603abd324cd9172f3092f0033cc2d,{'fraud_model': 95.0},low_risk,"{""approve"": [""low_risk""]}",Success
30118423745458,fraud_Schoen Ltd,kids_pets,18.47,Jared,Velazquez,M,01479 Murray Circle,Matawan,NJ,7747,30770,Drilling engineer,f89a715d78983173bc411a5457ad2cd0,2020-09-28T22:45:49.000Z,customer,unknown,f89a715d78983173bc411a5457ad2cd0,{'fraud_model': 805.0},medium_risk,"{""review"": [""medium_risk""]}",Success
3517814635263522,fraud_Jewess LLC,shopping_pos,9.76,William,Cannon,M,43809 Kenneth Circles Suite 152,Union,WV,24983,2443,Chartered public finance accountant,431d0534a1b09413497f34fa5585e57c,2020-12-08T00:28:22.000Z,customer,unknown,431d0534a1b09413497f34fa5585e57c,{'fraud_model': 102.0},low_risk,"{""approve"": [""low_risk""]}",Success
4792627764422477317,fraud_Spencer PLC,entertainment,27.81,Margaret,Mendez,F,7952 Karen Pike,De Soto,KS,66018,5760,Chief Executive Officer,f1d445f0d545c183d56f23298f3266f5,2020-12-22T14:43:34.000Z,customer,unknown,f1d445f0d545c183d56f23298f3266f5,{'fraud_model': 54.0},low_risk,"{""approve"": [""low_risk""]}",Success
4560004149983868183,fraud_Jakubowski Inc,home,35.62,Stacy,Villegas,F,20581 Pena Walks,Colorado Springs,CO,80951,525713,Museum/gallery exhibitions officer,fdc2921e747c9613a8bcce240ee563e4,2020-09-20T14:12:45.000Z,customer,unknown,fdc2921e747c9613a8bcce240ee563e4,{'fraud_model': 79.0},low_risk,"{""approve"": [""low_risk""]}",Success
4384910379661778,fraud_Heidenreich PLC,grocery_pos,37.42,Michelle,Russell,F,55505 Christy Via,Hawley,MN,56549,4508,Naval architect,3cb250c787c2cecb5d7896a21f863559,2020-12-06T05:38:39.000Z,customer,unknown,3cb250c787c2cecb5d7896a21f863559,{'fraud_model': 1.0},low_risk,"{""approve"": [""low_risk""]}",Success
3566875419572867,fraud_Spencer PLC,entertainment,62.49,Adam,Mcdonald,M,997 Cameron Meadow Apt. 980,South Hero,VT,5486,1654,Transport planner,752f8d23955c1a2627d5d307d7688c00,2020-09-17T21:56:39.000Z,customer,unknown,752f8d23955c1a2627d5d307d7688c00,{'fraud_model': 13.0},low_risk,"{""approve"": [""low_risk""]}",Success
345832460465610,fraud_DuBuque LLC,grocery_pos,75.76,Jason,Mcmahon,M,6385 Donald Square Suite 429,Springfield,VA,22151,104396,Production engineer,b3acf454c72ccb7909a32f238dd81de6,2020-09-28T10:43:09.000Z,customer,unknown,b3acf454c72ccb7909a32f238dd81de6,{'fraud_model': 2.0},low_risk,"{""approve"": [""low_risk""]}",Success
571314334723,fraud_Bins-Rice,gas_transport,59.97,Lori,Mclean,F,4548 Werner Wells Apt. 441,Mc Clellandtown,PA,15458,2379,"Sales professional, IT",f0b72547c2068411e636b3bca94406a7,2020-10-21T05:19:06.000Z,customer,unknown,f0b72547c2068411e636b3bca94406a7,{'fraud_model': 188.0},low_risk,"{""approve"": [""low_risk""]}",Success
501802953619,"fraud_Douglas, DuBuque and McKenzie",travel,4.43,Robert,Flores,M,3277 Fields Meadows Apt. 790,Greenview,CA,96037,308,Call centre manager,a084975d17174188e82f17ab29ad7f0e,2020-10-30T14:46:14.000Z,customer,unknown,a084975d17174188e82f17ab29ad7f0e,{'fraud_model': 398.0},low_risk,"{""approve"": [""low_risk""]}",Success
30242921189660,fraud_Kozey-Kuhlman,personal_care,26.0,Dalton,Jones,M,3304 Hernandez Run,Afton,MI,49705,937,Technical brewer,36f480964dfe66f970abd93180ad490d,2020-10-10T23:06:08.000Z,customer,unknown,36f480964dfe66f970abd93180ad490d,{'fraud_model': 307.0},low_risk,"{""approve"": [""low_risk""]}",Success
3527063666782582,fraud_Cruickshank-Mills,entertainment,9.42,Amanda,Alexander,F,21810 James Mall,Camden,TX,75934,99,Colour technologist,89e0f3a4304c612e2a57a05f106e5465,2020-11-17T22:46:14.000Z,customer,unknown,89e0f3a4304c612e2a57a05f106e5465,{'fraud_model': 75.0},low_risk,"{""approve"": [""low_risk""]}",Success
4992346398065154184,fraud_Dickinson Ltd,personal_care,8.02,Benjamin,Kim,M,920 Patrick Light,Mc Nabb,IL,61335,532,Audiological scientist,d1106546133271609634cf8dacc491ca,2020-12-06T20:55:28.000Z,customer,unknown,d1106546133271609634cf8dacc491ca,{'fraud_model': 420.0},low_risk,"{""approve"": [""low_risk""]}",Success
501899453424,fraud_Dicki Ltd,grocery_net,120.32,Jessica,Dominguez,F,06393 Nancy Parkways Suite 855,Gadsden,AL,35903,67082,Ceramics designer,d1b9e0c253eb9e6c43587a78e9186034,2020-09-11T06:46:49.000Z,customer,unknown,d1b9e0c253eb9e6c43587a78e9186034,{'fraud_model': 107.0},low_risk,"{""approve"": [""low_risk""]}",Success
4181833256558613886,fraud_Block Group,misc_pos,1.66,Jessica,Potter,F,7600 Stephen Course Suite 031,Red River,NM,87558,606,"Surveyor, land/geomatics",0fb559227db01be8e8c075a9d96a70ff,2020-09-08T14:26:39.000Z,customer,unknown,0fb559227db01be8e8c075a9d96a70ff,{'fraud_model': 314.0},low_risk,"{""approve"": [""low_risk""]}",Success
213193596103206,fraud_Miller-Hauck,grocery_pos,108.45,James,Hunt,M,7369 Gabriel Tunnel,Pointe Aux Pins,MI,49775,95,Electrical engineer,d56a3b2819cf1b187d681b6d1777a9ef,2020-10-13T10:31:08.000Z,customer,unknown,d56a3b2819cf1b187d681b6d1777a9ef,{'fraud_model': 3.0},low_risk,"{""approve"": [""low_risk""]}",Success
3591919803438423,fraud_Barrows PLC,shopping_pos,3.65,Brian,Williams,M,32941 Krystal Mill Apt. 552,Titusville,FL,32780,54767,Set designer,acb0fc50d9ef2e1c6753e37bd728056c,2020-11-20T15:57:51.000Z,customer,unknown,acb0fc50d9ef2e1c6753e37bd728056c,{'fraud_model': 5.0},low_risk,"{""approve"": [""low_risk""]}",Success
3595111028444131,fraud_Veum-Koelpin,travel,2.52,Jeffery,Sanders,M,5278 Sarah Station Apt. 009,Cardwell,MO,63829,1120,Television floor manager,32369cb9edb4b75fb6a1125781398a0c,2020-10-26T18:22:48.000Z,customer,unknown,32369cb9edb4b75fb6a1125781398a0c,{'fraud_model': 630.0},low_risk,"{""approve"": [""low_risk""]}",Success
4379260813815979609,fraud_Schamberger-O'Keefe,grocery_pos,84.57,Thomas,Jenkins,M,93914 Gregory Via,Oakland,CA,94619,381459,Barista,da2d46d69f4cda2108f7c90b95978f9f,2020-09-27T06:37:07.000Z,customer,unknown,da2d46d69f4cda2108f7c90b95978f9f,{'fraud_model': 1.0},low_risk,"{""approve"": [""low_risk""]}",Success
571365235126,fraud_Bartoletti-Wunsch,gas_transport,59.94,Barbara,Taylor,F,0069 Robin Brooks Apt. 695,Elberta,MI,49628,372,"Exhibitions officer, museum/gallery",898a9c16650b7d2a3c27e2961351620f,2020-12-22T09:22:17.000Z,customer,unknown,898a9c16650b7d2a3c27e2961351620f,{'fraud_model': 19.0},low_risk,"{""approve"": [""low_risk""]}",Success
3562679455732797,fraud_Dooley-Thompson,misc_net,4.31,Amanda,Jones,F,7320 Jennifer Forges,Queenstown,MD,21658,3862,Maintenance engineer,bd728307ecc5a66dba0984bd754d2c5e,2020-11-24T04:12:15.000Z,customer,unknown,bd728307ecc5a66dba0984bd754d2c5e,{'fraud_model': 33.0},low_risk,"{""approve"": [""low_risk""]}",Success
4427805710168,"fraud_Klocko, Runolfsdottir and Breitenberg",health_fitness,28.64,Michelle,Rodriguez,F,1742 Brandon Squares Apt. 461,Ruidoso,NM,88355,8874,Licensed conveyancer,4de637fc8ec68e51f6607ef31a0216de,2020-10-05T15:26:27.000Z,customer,unknown,4de637fc8ec68e51f6607ef31a0216de,{'fraud_model': 366.0},low_risk,"{""approve"": [""low_risk""]}",Success
4428780983793657331,fraud_Terry-Huel,shopping_net,4.41,Richard,Waters,M,7683 Natasha Way Apt. 945,Waukesha,WI,53186,95015,"Therapist, occupational",8043a285fba1f770d3f74a303b284644,2020-10-21T06:31:20.000Z,customer,unknown,8043a285fba1f770d3f74a303b284644,{'fraud_model': 0.0},low_risk,"{""approve"": [""low_risk""]}",Success
4634955908138648,fraud_Paucek-Wiza,grocery_net,66.41,Mackenzie,Smith,F,7178 Willis Drive,Hooper,NE,68031,1745,"Engineer, automotive",355d197d92817171494be572ddad7bc2,2020-11-07T07:18:59.000Z,customer,unknown,355d197d92817171494be572ddad7bc2,{'fraud_model': 52.0},low_risk,"{""approve"": [""low_risk""]}",Success
4560395181594436016,"fraud_Rowe, Batz and Goodwin",grocery_pos,216.51,Angela,Taylor,F,6343 Ramirez Skyway Apt. 518,Lakeport,CA,95453,11256,Podiatrist,502dc88858320e36d7304466b2e9634f,2020-11-21T07:58:24.000Z,customer,unknown,502dc88858320e36d7304466b2e9634f,{'fraud_model': 205.0},low_risk,"{""approve"": [""low_risk""]}",Success
4939976756738216,fraud_Spencer PLC,entertainment,16.8,Michelle,Johnston,F,3531 Hamilton Highway,Roma,TX,78584,18128,IT trainer,fba0dc382501227e384d294402fc3438,2020-09-05T14:50:44.000Z,customer,unknown,fba0dc382501227e384d294402fc3438,{'fraud_model': 417.0},low_risk,"{""approve"": [""low_risk""]}",Success
4225990116481262579,fraud_Bauch-Blanda,entertainment,197.25,Brian,Simpson,M,2711 Duran Pines,Honokaa,HI,96727,4878,Physiotherapist,7583b6cd46bbb6d04201b6170745bfab,2020-10-16T03:49:35.000Z,customer,unknown,7583b6cd46bbb6d04201b6170745bfab,{'fraud_model': 88.0},low_risk,"{""approve"": [""low_risk""]}",Success
3565423334076143,fraud_Kling-Grant,grocery_net,129.27,Nathan,Thomas,M,4923 Campbell Pines Suite 717,Carlisle,IN,47838,4081,Energy engineer,681621fc0a19e15804c4574eb921491f,2020-11-16T05:36:10.000Z,customer,unknown,681621fc0a19e15804c4574eb921491f,{'fraud_model': 195.0},low_risk,"{""approve"": [""low_risk""]}",Success
3513618443244549,fraud_Champlin-Casper,home,94.25,Amber,Perez,F,954 Reyes Ways,Fulton,SD,57340,355,Financial adviser,7276b901f69aac066890de0da05cf375,2020-10-18T15:50:07.000Z,customer,unknown,7276b901f69aac066890de0da05cf375,{'fraud_model': 25.0},low_risk,"{""approve"": [""low_risk""]}",Success
345832460465610,"fraud_Streich, Hansen and Veum",gas_transport,74.42,Jason,Mcmahon,M,6385 Donald Square Suite 429,Springfield,VA,22151,104396,Production engineer,d286a1d65019bc1e741bc57c98fbfee6,2020-12-31T03:02:55.000Z,customer,unknown,d286a1d65019bc1e741bc57c98fbfee6,{'fraud_model': 21.0},low_risk,"{""approve"": [""low_risk""]}",Success
676369110710,fraud_Dickinson Ltd,personal_care,24.25,David,Wolfe,M,81261 Garcia Underpass Suite 741,Southfield,MI,48034,75830,"Engineer, automotive",d44554db18826d6c0494cb8f3dac79fe,2020-12-18T23:35:30.000Z,customer,unknown,d44554db18826d6c0494cb8f3dac79fe,{'fraud_model': 425.0},low_risk,"{""approve"": [""low_risk""]}",Success
3531129874770000,fraud_Medhurst Inc,home,93.17,Shelby,Mitchell,F,974 Cindy Stream,Brandon,VT,5733,5895,"Scientist, marine",1957196cff174675970ed1e05fa8969e,2020-12-29T15:22:31.000Z,customer,unknown,1957196cff174675970ed1e05fa8969e,{'fraud_model': 22.0},low_risk,"{""approve"": [""low_risk""]}",Success
4689147265057948423,"fraud_Raynor, Feest and Miller",gas_transport,73.32,Steven,Brooks,M,2622 Reynolds Isle,Manley,NE,68403,206,Human resources officer,735c89b75e03d80ba8da10b7e979914a,2020-10-20T08:19:56.000Z,customer,unknown,735c89b75e03d80ba8da10b7e979914a,{'fraud_model': 13.0},low_risk,"{""approve"": [""low_risk""]}",Success
676298633337,"fraud_Conroy, Balistreri and Gorczany",health_fitness,4.29,Jessica,Werner,F,4529 Cannon Alley,Center Point,WV,26339,255,Chief Executive Officer,52b9a3679876f1cde205bf62a7128c43,2020-11-15T22:06:59.000Z,customer,unknown,52b9a3679876f1cde205bf62a7128c43,{'fraud_model': 252.0},low_risk,"{""approve"": [""low_risk""]}",Success
4259996134423,"fraud_Greenfelder, Bartoletti and Davis",misc_net,8.14,Julie,Johnson,F,9331 Robert Passage Suite 327,Hudson,KS,67545,215,Probation officer,e81af1d3e5f20cd4be1ef79a3187f342,2020-12-18T07:20:18.000Z,customer,unknown,e81af1d3e5f20cd4be1ef79a3187f342,{'fraud_model': 237.0},low_risk,"{""approve"": [""low_risk""]}",Success
30143535920989,fraud_Heidenreich PLC,grocery_pos,122.43,Lisa,Collins,F,44197 Jeffrey Port Suite 050,Bridgeport,NJ,8014,504,"Engineer, control and instrumentation",5f779a63010ebbd319f650926c566d10,2020-12-26T08:54:00.000Z,customer,unknown,5f779a63010ebbd319f650926c566d10,{'fraud_model': 4.0},low_risk,"{""approve"": [""low_risk""]}",Success
3525590521269779,fraud_Prohaska-Murray,gas_transport,54.73,Scott,Fuller,M,861 Karen Common,Haw River,NC,27258,6006,Paramedic,6f48a78237e8339ca8ad1af12d3100f6,2020-12-14T07:03:39.000Z,customer,unknown,6f48a78237e8339ca8ad1af12d3100f6,{'fraud_model': 8.0},low_risk,"{""approve"": [""low_risk""]}",Success
6011999606625827,fraud_Gerhold LLC,home,109.87,Ronald,Carson,M,870 Rocha Drive,Harrington Park,NJ,7640,4664,"Radiographer, diagnostic",5d3764d5e4170a86caea8a9e91697b6e,2020-10-25T21:48:15.000Z,customer,unknown,5d3764d5e4170a86caea8a9e91697b6e,{'fraud_model': 93.0},low_risk,"{""approve"": [""low_risk""]}",Success
4653178848915023204,fraud_Schulist Ltd,food_dining,10.0,Robert,Hall,M,371 Anthony Trail Suite 354,Glade Spring,VA,24340,5657,Clinical psychologist,c9b24e33314abfc478fffaf3e69872dc,2020-12-29T20:05:28.000Z,customer,unknown,c9b24e33314abfc478fffaf3e69872dc,{'fraud_model': 173.0},low_risk,"{""approve"": [""low_risk""]}",Success
30074693890476,fraud_Kris-Weimann,misc_net,6.41,Kelsey,Richards,F,889 Sarah Station Suite 624,Holcomb,KS,67851,2691,Arboriculturist,8f0157d789856edf3fdc1e8a6d3036dd,2020-11-23T00:43:40.000Z,customer,unknown,8f0157d789856edf3fdc1e8a6d3036dd,{'fraud_model': 88.0},low_risk,"{""approve"": [""low_risk""]}",Success
4810839835482794272,fraud_Schulist Ltd,food_dining,3.25,Carolyn,Perez,F,433 Blake Roads Suite 967,Wheaton,MO,64874,760,Production manager,cfb4ffcb2c7281d3841dc1024e4b0abc,2020-12-25T23:31:01.000Z,customer,unknown,cfb4ffcb2c7281d3841dc1024e4b0abc,{'fraud_model': 86.0},low_risk,"{""approve"": [""low_risk""]}",Success
4189814094741,fraud_Douglas-White,entertainment,26.67,Jason,Farmer,M,33165 Larry Walks Suite 960,Ragland,AL,35131,4159,Educational psychologist,ad6f9fcb1d45dc281287886d1e0d4500,2020-12-24T15:48:47.000Z,customer,unknown,ad6f9fcb1d45dc281287886d1e0d4500,{'fraud_model': 321.0},low_risk,"{""approve"": [""low_risk""]}",Success
3567697931646329,"fraud_Schiller, Blanda and Johnson",home,31.26,John,Stevens,M,428 Morgan River,Hudson,NY,12534,17867,Travel agency manager,97a756b61eeeda5be6b836ceed730db4,2020-10-19T23:23:54.000Z,customer,unknown,97a756b61eeeda5be6b836ceed730db4,{'fraud_model': 33.0},low_risk,"{""approve"": [""low_risk""]}",Success
2383461948823908,fraud_Lynch Ltd,shopping_pos,186.78,Patrick,Vaughan,M,651 Miller Common,Parsonsfield,ME,4047,1892,Audiological scientist,ade5726005fd04b7a9501865f1b4bcad,2020-12-15T10:26:50.000Z,customer,unknown,ade5726005fd04b7a9501865f1b4bcad,{'fraud_model': 546.0},low_risk,"{""approve"": [""low_risk""]}",Success
6011492816282597,fraud_Bode-Schuster,kids_pets,68.61,Gary,Barnes,M,2970 Flores Brooks,Smackover,AR,71762,2501,Financial adviser,e79bac20ee82b3f3a10209ec69eac056,2020-11-22T23:09:20.000Z,customer,unknown,e79bac20ee82b3f3a10209ec69eac056,{'fraud_model': 35.0},low_risk,"{""approve"": [""low_risk""]}",Success
4003989662068504,fraud_Towne LLC,misc_pos,1.52,Chris,White,M,98897 Bennett Lodge,Bessemer,AL,35022,71463,Radio broadcast assistant,e3ad53cf3f77c1591071b33a31e852fa,2020-09-12T18:49:24.000Z,customer,unknown,e3ad53cf3f77c1591071b33a31e852fa,{'fraud_model': 288.0},low_risk,"{""approve"": [""low_risk""]}",Success
3513285035244624,fraud_Hilpert-Conroy,kids_pets,129.62,Ariana,Campbell,F,50932 Neal Valley,Daniels,WV,25832,3994,"Biochemist, clinical",8467511fbeea74e133a32c9f98793ad9,2020-12-20T22:08:34.000Z,customer,unknown,8467511fbeea74e133a32c9f98793ad9,{'fraud_model': 487.0},low_risk,"{""approve"": [""low_risk""]}",Success
180067151859700,fraud_Romaguera Ltd,health_fitness,33.99,Karen,Ryan,F,82468 Michelle Village Suite 556,Joliet,IL,60432,128354,"Teacher, secondary school",c14ce9cc420e7ac471044d0a98a31ffd,2020-12-25T21:20:27.000Z,customer,unknown,c14ce9cc420e7ac471044d0a98a31ffd,{'fraud_model': 392.0},low_risk,"{""approve"": [""low_risk""]}",Success
30235268718158,fraud_Dicki Ltd,grocery_net,52.54,Kenneth,Doyle,M,8614 Reed Glen,West Harrison,NY,10604,11250,Lexicographer,288655f8eadfb89846847ea9e6d6f451,2020-12-07T04:36:39.000Z,customer,unknown,288655f8eadfb89846847ea9e6d6f451,{'fraud_model': 40.0},low_risk,"{""approve"": [""low_risk""]}",Success
213157767990030,fraud_Smitham-Boehm,grocery_net,45.08,Tara,Campbell,F,05050 Rogers Well Apt. 439,Rock Springs,WY,82901,27971,Music therapist,27aeedce6f29f01e5a11b42c48e68a09,2020-09-22T10:04:30.000Z,customer,unknown,27aeedce6f29f01e5a11b42c48e68a09,{'fraud_model': 80.0},low_risk,"{""approve"": [""low_risk""]}",Success
675909898057,fraud_Leannon-Nikolaus,travel,4.16,Christopher,Henry,M,1198 Robert Stravenue Apt. 479,Armonk,NY,10504,7987,Television/film/video producer,7a6073ab443521cab27a65187b882a5a,2020-12-08T14:01:26.000Z,customer,unknown,7a6073ab443521cab27a65187b882a5a,{'fraud_model': 551.0},low_risk,"{""approve"": [""low_risk""]}",Success
3597980945245815,fraud_Gleason-Macejkovic,shopping_net,1.92,Mark,Allen,M,25360 Mcgee Forge,De Queen,AR,71832,11253,"Scientist, biomedical",19936beb8fea864c1b1421779e0249b4,2020-09-25T10:17:42.000Z,customer,unknown,19936beb8fea864c1b1421779e0249b4,{'fraud_model': 12.0},low_risk,"{""approve"": [""low_risk""]}",Success
373905417449658,fraud_Miller-Hauck,grocery_pos,190.58,Sarah,Bishop,F,554 Mcdonald Valley Apt. 539,Meridian,TX,76665,2526,Phytotherapist,27a9ba69821db649b6f50f76adc4920a,2020-11-11T09:00:16.000Z,customer,unknown,27a9ba69821db649b6f50f76adc4920a,{'fraud_model': 62.0},low_risk,"{""approve"": [""low_risk""]}",Success
4428780983793657331,fraud_Pacocha-Bauch,shopping_pos,9.97,Richard,Waters,M,7683 Natasha Way Apt. 945,Waukesha,WI,53186,95015,"Therapist, occupational",f2172eaa00e0516d5eb4c16f26fab3d6,2020-12-03T01:59:05.000Z,customer,unknown,f2172eaa00e0516d5eb4c16f26fab3d6,{'fraud_model': 16.0},low_risk,"{""approve"": [""low_risk""]}",Success
30131826429364,fraud_Dietrich-Fadel,health_fitness,108.06,Brianna,Foley,F,57256 Raymond Ports,Knoxville,TN,37932,391389,"Designer, industrial/product",13b2badc93bb6d6df9ec289368280bf7,2020-11-27T20:43:39.000Z,customer,unknown,13b2badc93bb6d6df9ec289368280bf7,{'fraud_model': 668.0},low_risk,"{""approve"": [""low_risk""]}",Success
2254917871818484,fraud_Strosin-Cruickshank,grocery_pos,141.55,Margaret,Gibson,F,382 Williams Stream Suite 197,Scotland,MD,20687,313,Insurance underwriter,0072853a208f48410c654b505335b257,2020-10-13T00:28:31.000Z,customer,unknown,0072853a208f48410c654b505335b257,{'fraud_model': 20.0},low_risk,"{""approve"": [""low_risk""]}",Success
630469040731,fraud_Kutch and Sons,grocery_pos,326.03,Meredith,Ayala,F,7107 Henderson Station,Cascade Locks,OR,97014,1288,Barrister,c1d6a28bc8e919c9730556fa5fd706c8,2020-11-08T01:03:01.000Z,customer,unknown,c1d6a28bc8e919c9730556fa5fd706c8,{'fraud_model': 997.0},high_risk,"{""investigate"": [""high_risk""]}",Success
3591919803438423,fraud_Hudson-Ratke,grocery_pos,312.8,Brian,Williams,M,32941 Krystal Mill Apt. 552,Titusville,FL,32780,54767,Set designer,d4a8a5ef6fd3509a8d82c58a5299cb22,2020-12-08T04:12:21.000Z,customer,unknown,d4a8a5ef6fd3509a8d82c58a5299cb22,{'fraud_model': 999.0},high_risk,"{""investigate"": [""high_risk""]}",Success
213199865312311,fraud_Jaskolski-Vandervort,misc_net,845.7,Christopher,Miller,M,493 Fitzgerald Fields Suite 454,Varnell,GA,30756,74,Pensions consultant,814440511bbf4619e7ebdc512be127f9,2020-10-09T22:52:14.000Z,customer,unknown,814440511bbf4619e7ebdc512be127f9,{'fraud_model': 996.0},high_risk,"{""investigate"": [""high_risk""]}",Success
639046421587,fraud_Gerlach Inc,shopping_net,958.42,Dylan,Bonilla,M,2497 John Motorway Suite 922,Leetsdale,PA,15056,1140,"Administrator, education",4fb62e1e354c4444603edb1b136e0a35,2020-12-16T23:22:36.000Z,customer,unknown,4fb62e1e354c4444603edb1b136e0a35,{'fraud_model': 998.0},high_risk,"{""investigate"": [""high_risk""]}",Success
3527063666782582,"fraud_Reichert, Shanahan and Hayes",shopping_net,1030.08,Amanda,Alexander,F,21810 James Mall,Camden,TX,75934,99,Colour technologist,bd8b4948c21cbe3ac04c3ccbd37ec39f,2020-10-15T22:49:25.000Z,customer,unknown,bd8b4948c21cbe3ac04c3ccbd37ec39f,{'fraud_model': 993.0},high_risk,"{""investigate"": [""high_risk""]}",Success
213180742685905,fraud_Wolf Inc,grocery_pos,353.58,Kayla,Sutton,F,010 Weaver Land,Carlotta,CA,95528,1139,"Therapist, occupational",979095c12a3681a10e94c01856f02846,2020-12-08T03:35:03.000Z,customer,unknown,979095c12a3681a10e94c01856f02846,{'fraud_model': 998.0},high_risk,"{""investigate"": [""high_risk""]}",Success
4716561796955522,fraud_Renner Ltd,home,168.06,Lauren,Anderson,F,11014 Chad Lake Apt. 573,Heart Butte,MT,59448,743,Water engineer,e90fd1b484aeaadc987ef461de9ffaad,2020-12-20T23:39:40.000Z,customer,unknown,e90fd1b484aeaadc987ef461de9ffaad,{'fraud_model': 400.0},low_risk,"{""approve"": [""low_risk""]}",Success
30518196150127,fraud_Powlowski-Weimann,food_dining,117.49,Karen,Sullivan,F,6313 Scott Trace,Rossville,IL,60963,1807,"Buyer, retail",5ab53aa6c005346abbf91b4c0dd68ff2,2020-12-07T22:52:47.000Z,customer,unknown,5ab53aa6c005346abbf91b4c0dd68ff2,{'fraud_model': 695.0},low_risk,"{""approve"": [""low_risk""]}",Success
4710826438164847414,"fraud_Langworth, Boehm and Gulgowski",shopping_net,1148.36,Juan,Henry,M,9795 Lori Island Suite 346,Turner,MT,59542,192,Further education lecturer,f4f1d5407a78d18d707186256c99206f,2020-10-03T15:37:23.000Z,customer,unknown,f4f1d5407a78d18d707186256c99206f,{'fraud_model': 992.0},high_risk,"{""investigate"": [""high_risk""]}",Success
180040027502291,fraud_Fisher Inc,shopping_net,844.77,Mary,Schmidt,F,022 Moore Island,New York City,NY,10162,1577385,Audiological scientist,611fff72c27462a7197d771d34f200ab,2020-12-15T23:39:48.000Z,customer,unknown,611fff72c27462a7197d771d34f200ab,{'fraud_model': 992.0},high_risk,"{""investigate"": [""high_risk""]}",Success
36913587729122,fraud_Erdman-Schaden,personal_care,18.52,Ana,Mccormick,F,4503 Patricia Route,Meridian,ID,83646,84106,Intelligence analyst,0a2df2c7cba0f76a82f7fda2f42773e7,2020-09-06T22:06:17.000Z,customer,unknown,0a2df2c7cba0f76a82f7fda2f42773e7,{'fraud_model': 900.0},,{},Success
4599285557366057,fraud_Schmeler-Howe,personal_care,20.94,Mary,Williams,F,00315 Ashley Valleys,Burrton,KS,67020,1689,Gaffer,b10476e16589b9874b87ce223fa6bcb9,2020-10-25T23:48:26.000Z,customer,unknown,b10476e16589b9874b87ce223fa6bcb9,{'fraud_model': 878.0},medium_risk,"{""review"": [""medium_risk""]}",Success
